Visit_ID,Historical Date,Modern Date,Inn,Inn_ID,Visitor,Guest_ID,Filename
1,28 Julii 1780,1780-07-28,SCHWERDT,1,Hr. Blumer von Glarus. Profeffor Steinsky aus Prag. Meissner von Görlitz in Sachsen f. 3. Mr. Carlis de Modena. le Grand de Belfort. Rebattu de Versailles. de Vermenoux,1,0002.txt
2,28 Julii 1780,1780-07-28,SCHWERDT,1,de Paris f. 3. Cislago di Verona. Arnaud,2,0002.txt
3,28 Julii 1780,1780-07-28,SCHWERDT,1,Mr. Dury de Turin. Berteaud,3,0002.txt
4,28 Julii 1780,1780-07-28,SCHWERDT,1,Mr. Simon de Chalon sur Sonne. Anselme de Lyon.,4,0002.txt
5,28 Julii 1780,1780-07-28,STORCHEN,2,Mr. Predarii de Milan,5,0002.txt
6,28 Julii 1780,1780-07-28,STORCHEN,2,f. 2. Hr. Kühnhold von Nürnberg. Ein Glashändler aus dem Schwarzwald. 1 Handw.,6,0002.txt
7,28 Julii 1780,1780-07-28,ADLER,3,Jgfr. Schweizerin von St. Gallen. Bernold Marsch D'auvergne f. 2. Fr. Posterin von Schaffhausen.,7,0002.txt
8,28 Julii 1780,1780-07-28,HIRSCHEN,4,Hr. Martin Erhardt von Mühlhausen. Leonhard Fornaro von Langensee. Ein Bedienter von Hrn. Baron v. Uskiel von Stuttgardt.,8,0002.txt
9,28 Julii 1780,1780-07-28,RAABEN,5,Jgfr. Elisabetha Rieggi von Eichenbach f. 2. Anna Maria Kleinlin von Welen f. 2. Salama Strikler von Glarus f. 2. Marianne Meimnoud von Landau. Hr. Carl Horret von Toggen- Arnold Holsteln von Neuburg- LEUEN- 1 Handwerker- ROESSLI Hr. Schneeli von Glarus. Franz Kurtz von Landeeg- 2 St Galler Fuhrleuth-,9,0002.txt
10,28 Julii 1780,1780-07-28,SCHWANEN,6,1 Landmann-,10,0002.txt
11,30 Julii 1780,1780-07-30,SCHWERDT,1,Mr. Carlis de Modena. le Grand de Belfort. Hr. Blumer von Glarus. Profesor Steinsky aus Prag. de Vermenoux,11,0004.txt
12,30 Julii 1780,1780-07-30,SCHWERDT,1,de Paris f. 3. Arnaud,12,0004.txt
13,30 Julii 1780,1780-07-30,SCHWERDT,1,de Turin. Meifsner von Görlitz in Sachfen f. 3. Geelwin von Amfterdam f. 4. Rathsherr Faefch. Hr. Faefch. Obrift Eglinger. Pfr. Eglinger und Frau u. Sohn. Pfr. Falkeifen,13,0004.txt
14,30 Julii 1780,1780-07-30,SCHWERDT,1,nebft Frau und Sohn. Profefor Stähelin,14,0004.txt
15,30 Julii 1780,1780-07-30,SCHWERDT,1,Bürlich von Bafel. Schuch von Saarbrücken. Ehrengesandte von Glarus.,15,0004.txt
16,30 Julii 1780,1780-07-30,STORCHEN,2,Mr. Predarii de Milan,16,0004.txt
17,30 Julii 1780,1780-07-30,STORCHEN,2,f. 2. Veit Schmid von Büblifon. 1 Handw.,17,0004.txt
18,30 Julii 1780,1780-07-30,ADLER,3,Jgfr. Schweizerin von St. Gallen. Bernard Martich D'auvergne f. 2. Mr. Auberin de Luneville.,18,0004.txt
19,30 Julii 1780,1780-07-30,HIRSCHEN,4,Hr. Martin Erhardt von Mühlhaufen. Leonhard Fornaro von Langenfee.,19,0004.txt
20,30 Julii 1780,1780-07-30,RAABEN,5,Hr. Major Tfchudy von Glarus. 2 Landl. LEUEN- 2 Landl,20,0004.txt
21,30 Julii 1780,1780-07-30,RAABEN,5,3 Handwerker.,21,0004.txt
22,30 Julii 1780,1780-07-30,ROESSLI,7,6 Landleut.,22,0004.txt
23,31 Julii 1780,1780-07-31,SCHWERDT,1,Mr. Carlis de Modena. le Grand de Belfort. Hr. Blumer von Glarus. Professor Steinsky aus Prag. de Vermenoux,23,0006.txt
24,31 Julii 1780,1780-07-31,SCHWERDT,1,de Paris f. 3. Meissner von Görlitz in Sachsen f. 3. Pr. Eglinger und Frau aus Sohm. Pfr. Falkeisen,24,0006.txt
25,31 Julii 1780,1780-07-31,SCHWERDT,1,nebst Frau und Sohn,25,0006.txt
26,31 Julii 1780,1780-07-31,SCHWERDT,1,beide von Basel. Schuch von Saarbrücken. Hugenin Vatter von Müllhausen. Fourrier de Besanson. Mad. Boursiere de Paris. Mr. Maurice,26,0006.txt
27,31 Julii 1780,1780-07-31,SCHWERDT,1,Mr. Rignon. Mr. Bock de Turin. Hr. Archivarius Schickardt von Stuttgardt. Pater Mayr. Pater Teth,27,0006.txt
28,31 Julii 1780,1780-07-31,SCHWERDT,1,Augustiner Ord. von Constanz.,28,0006.txt
29,31 Julii 1780,1780-07-31,STORCHEN,2,Mr. Predarii de Milan,29,0006.txt
30,31 Julii 1780,1780-07-31,STORCHEN,2,f. 2. Bride. Hertenstein von Roschach. Fürsprech Widmer,30,0006.txt
31,31 Julii 1780,1780-07-31,STORCHEN,2,von Sarnenstorff f. 3. 6 Handw. 2 Landl.,31,0006.txt
32,31 Julii 1780,1780-07-31,ADLER,3,Jgfr. Schweizerin von St. Gallen. Bernold Marsch D'auvergne f. 4. Mr. Aubertin de Luneville. 3 Handw.,32,0006.txt
33,31 Julii 1780,1780-07-31,HIRSCHEN,4,Hr. Knufs von Winterthur. Leonhard Fornaro von Längensee.,33,0006.txt
34,31 Julii 1780,1780-07-31,RAABEN,5,Hr. Xaveri Kopp von Münster. Rudolph Isler von Teussen- Zellwegner ab Gais. Emanuel Dionil Berber de Fort Louis f. 2. Adam Diethelm von Weinfelden f. 4. Johannes Biler von Immenstadt- LEUEN- Hr. Weissenbach aus Tyrol- 2 Handwerker- ROESSLI- Franz Kurtz aus Landegg-,34,0006.txt
35,1 Augusti 1780,1780-08-01,SCHWERDT,1,Mr. Carlis de Modena. le Grand de Belfort. Hr. Blumer von Glarus. de Vermenoux,35,0008.txt
36,1 Augusti 1780,1780-08-01,SCHWERDT,1,de Paris f. 3. Meissner von Görlitz in Sachsen f. 3. Schuch von Saarbrücken. Hugenin Aelter von Müllhausen. Mr. Maurice,36,0008.txt
37,1 Augusti 1780,1780-08-01,SCHWERDT,1,Mr. Rignon. Mr. Bock de Turin. Hr. Ryhener,37,0008.txt
38,1 Augusti 1780,1780-08-01,SCHWERDT,1,Hr le Grand und Frauen von Basel. Schindler von Basel. Sigfried von Zoßngen.,38,0008.txt
39,1 Augusti 1780,1780-08-01,STORCHEN,2,Mr. Predarii de Milan,39,0008.txt
40,1 Augusti 1780,1780-08-01,STORCHEN,2,f. 2. Johannes Tüdj von Altstatten. Samuel Hunziker von Chaam,40,0008.txt
41,1 Augusti 1780,1780-08-01,STORCHEN,2,4 Handw.,41,0008.txt
42,1 Augusti 1780,1780-08-01,ADLER,3,Jgfr. Schweizerin von St. Gallen. Berthold Marsch D'auvergne f. 4. Francois Monde de Nancy. Fr. Posterin von Schaffhausen,42,0008.txt
43,1 Augusti 1780,1780-08-01,ADLER,3,"2 Jungfauer,",43,0008.txt
44,1 Augusti 1780,1780-08-01,HIRSCHEN,4,Hr. Leonhard Fornaro von Langenſee. 2 Handwerker-,44,0008.txt
45,1 Augusti 1780,1780-08-01,RAABEN,5,Hr. Rudolph Biser von Teussen- Zellweguer ab Gaiss. Caspar Mengli von Schaffhausen,45,0008.txt
46,1 Augusti 1780,1780-08-01,RAABEN,5,Bösch von Ebmat f. 2,46,0008.txt
47,1 Augusti 1780,1780-08-01,RAABEN,5,"3 Pilger,",47,0008.txt
48,1 Augusti 1780,1780-08-01,LEUEN,8,"Ein Piemontesischer Soldat,",48,0008.txt
49,1 Augusti 1780,1780-08-01,ROESSLI,7,Franz Kurtz aus Landegg.,49,0008.txt
50,2 Augusti 1780,1780-08-02,SCHWERDT,1,Mr. Carlis de Modena. le Grand de Beliort. Hr. Blumer von Glarus. de Vermenoux,50,0010.txt
51,2 Augusti 1780,1780-08-02,SCHWERDT,1,de Paris f. 3. Meisner von Görlitz in Sachsen f. 3. Hugenin Aelter von Müllhausen. Richelmi. Mr. Bock de Turin. Ryhener,51,0010.txt
52,2 Augusti 1780,1780-08-02,SCHWERDT,1,Hr le Grand und Frauen von Basel. Hertlinger von Winterthur. 1 Landmann.,52,0010.txt
53,2 Augusti 1780,1780-08-02,STORCHEN,2,Mr. Barade d'Auvergne f. 4. Benedict Ochsner von Einsidlen. Ein Burgunder Glashändler f. 2. 2 Landl. 4 Handwerker.,53,0010.txt
54,2 Augusti 1780,1780-08-02,ADLER,3,Fr. Fosterin von Schaffhausen. Jgfr. Schweizerin von St. Gallen. François Monde de Nancy. Ein Zurzacher Fuhrmann.,54,0010.txt
55,2 Augusti 1780,1780-08-02,HIRSCHEN,4,Hr. Leonhard Fornaro von Langenfee. 1 Pilger.,55,0010.txt
56,2 Augusti 1780,1780-08-02,RAABEN,5,Hr. Grob von Wattweil. Hartmann von Schefftenau f. 2. Chom & Comp von Glarus f. 9. LEUEN- 1 Landmann. ROESSL- Hr. Unterv. Müller von Schmerfkon. Georg Witt von Gebistorf. Ein Zurzacher Fuhrmann. 2 Pilger.,56,0010.txt
57,2 Augusti 1780,1780-08-02,SCHWANEN,6,Ein Gerwer von Immenstadt.,57,0010.txt
58,3 Augufti 1780,1780-01-03,SCHWERDT,1,Hr. Ehren-Gefandter Pfifter von Schaffhaufen. Mr. Carlis de Mod-ma. le Grand de Belfort. Hr. Blumer von Glarus. Meifner von Görlitz in Sachfen f. 3. Hugenin Aelter von Müllhaufen. Richelmi. Mr. Bock de Turin. Hertlinger von Winterthur. Hartmann von Lenzburg. Bieler von Memmingen. STÖRCHEN. Mr. Barade d'Auvergne f. 4. Ein Burgunder Glashändler f. 2. Jof. Eggefchweiler von Wangen f. 2,58,0012.txt
59,3 Augufti 1780,1780-01-03,SCHWERDT,1,8 Schwaben.,59,0012.txt
60,3 Augufti 1780,1780-01-03,ADLER,3,Fr. Fofferin von Schaffhaufen,60,0012.txt
61,3 Augufti 1780,1780-01-03,ADLER,3,Jgfr. Schweizerin von St. Gallen. Francois Monde de Nancy. 4 Schwaben,61,0012.txt
62,3 Augufti 1780,1780-01-03,ADLER,3,2 Handy.,62,0012.txt
63,3 Augufti 1780,1780-01-03,HIRSCHEN,4,Hr. Leonhard Fornaro von Langenfee. Albrecht Neumann von Gloggau,63,0012.txt
64,3 Augufti 1780,1780-01-03,HIRSCHEN,4,f. 3,64,0012.txt
65,3 Augufti 1780,1780-01-03,HIRSCHEN,4,"8 Schwaben,",65,0012.txt
66,3 Augufti 1780,1780-01-03,RAABEN,5,Hr. Neuweiler von Frauenfeld f. 2,66,0012.txt
67,3 Augufti 1780,1780-01-03,RAABEN,5,Marrocci de Milan,67,0012.txt
68,3 Augufti 1780,1780-01-03,RAABEN,5,Legler von Glarus f. 4,68,0012.txt
69,3 Augufti 1780,1780-01-03,RAABEN,5,2 Leipziger Fuhrleuth. 4 Landl. 30 Pilger. LEUEN- Hr. Hartmann von Maron,69,0012.txt
70,3 Augufti 1780,1780-01-03,RAABEN,5,Maurer von Schaffhaufen,70,0012.txt
71,3 Augufti 1780,1780-01-03,RAABEN,5,Martin aus Böhmen. ROESSLI- Hr. Bürkly von Brechthal. 3 Landl. SCHWANEN- Hr. Huber von Dieffenhofen.,71,0012.txt
72,4 Augusti 1780,1780-08-04,SCHWERDT,1,Mr. Carlis de Modena. Berteaud. Mr. Simon de Chalon sur Seaune. Rainaldis Frerres. Mr. Pont de Lyon. Mourgain de Nancy. Balzac. Mr. Magauza. Mr. Bock de Turin. Hr. Blumer von Glarus. Meissner von Görlitz in Sachsen f. 3. Hettlinger von Winterthur. Hardtmann von Lenzburg. Bieler von Memmingen. Gaupp von Schaffhausen. Iselin von Basel. Rudolff von Zurzach. Gruber von Stuttgardt.,72,0014.txt
73,4 Augusti 1780,1780-08-04,STORCHEN,2,Mr. Barade d'Auvergne f. 4. Ein Burgunder Glashändler f. 2. Heinrich Binninger von Maria-Kirch. 2 Handw. 2 Landl.,73,0014.txt
74,4 Augusti 1780,1780-08-04,ADLER,3,Fr. Foslerin von Schaffhausen. Jgfr. Schweizerin von St. Gallen. Francois Monde de Nancy.,74,0014.txt
75,4 Augusti 1780,1780-08-04,HIRSCHEN,4,Hr. Leonhard Fornaro von Langensee. Albrecht Neumann von Gloggau,75,0014.txt
76,4 Augusti 1780,1780-08-04,HIRSCHEN,4,f. 3. Charles la Pierre de Copet f. 4.,76,0014.txt
77,4 Augusti 1780,1780-08-04,RAABEN,5,Mr. Horret von Toggen. Jacob Chaam von Kirizen. Caspar Blässy von Glarus. Georg Spring von Rothweil. Bernhard Künnold von Engern. 2 Leipziger Fuhrleuth,77,0014.txt
78,4 Augusti 1780,1780-08-04,RAABEN,5,30 Pilger.,78,0014.txt
79,4 Augusti 1780,1780-08-04,LEUEN,8,Hr. Maurer von Schaffhausen,79,0014.txt
80,4 Augusti 1780,1780-08-04,LEUEN,8,Martin aus Böhmen,80,0014.txt
81,4 Augusti 1780,1780-08-04,LEUEN,8,2 Landl. 3 Handw.,81,0014.txt
82,4 Augusti 1780,1780-08-04,ROESSLI,7,Hr. Berchtold von Stiggen,82,0014.txt
83,4 Augusti 1780,1780-08-04,ROESSLI,7,Leonti Lieberheer von Utznach.,83,0014.txt
84,6 Augusti 1780,1780-08-06,SCHWERDT,1,Mr. Carlis de Modena. Hr. Blumer von Glarus. Meisner von Görlitz in Sachsen f. 3. Hettlinger von Winterthur. Rainaldis Frerres. Mr. Pont de Lyon. Rathsherr Schakini von Thun. Gemuleus von Basel,84,0016.txt
85,6 Augusti 1780,1780-08-06,SCHWERDT,1,Deixner von Strasbourg,85,0016.txt
86,6 Augusti 1780,1780-08-06,SCHWERDT,1,Hall,86,0016.txt
87,6 Augusti 1780,1780-08-06,SCHWERDT,1,Mr. Jacob. Mr. Brand,87,0016.txt
88,6 Augusti 1780,1780-08-06,SCHWERDT,1,Chevaliers Anglois. Mr. et Mad. Maurice de Strasbourg. Buffe de Châlons. Ermenjaud de Moulins. 12 Landl. Conft.,88,0016.txt
89,6 Augusti 1780,1780-08-06,STORCHEN,2,Mr. Barade d'Auvergne f. 4. 3 Handw. 7 Landl.,89,0016.txt
90,6 Augusti 1780,1780-08-06,ADLER,3,Francois Monde de Nancy f. 2. Jgfr. Schweizerin von St. Gallen. 7 Landl. 3 Handw.,90,0016.txt
91,6 Augusti 1780,1780-08-06,HIRSCHEN,4,3 Handw- 1 Landl- 1 Schwab-,91,0016.txt
92,6 Augusti 1780,1780-08-06,RAABEN,5,Hr Offenbach von Zug- Hr Imhoof von Bremgarten- Sr- Alfari f. 2- di Domod'Offola- Calandre f. 2- di Belgirate- le Pouri di Arone- 1 St. Galler Fuhrmann. 1 Handw-,92,0016.txt
93,6 Augusti 1780,1780-08-06,LEUEN,8,Martin aus Böhmen. 43 Landl- 2 Handw-,93,0016.txt
94,6 Augusti 1780,1780-08-06,ROESSLI,7,1 Fuhrmann von Brugg- 31 Landl-,94,0016.txt
95,6 Augusti 1780,1780-08-06,SCHWANEN,6,24 Landlenth-,95,0016.txt
96,7 Augufti 1780,1780-01-07,SCHWERDT,1,Jkr. von Wattenwyl von Bern. Hr. Blumer von Glarus. Meisner von Görlitz in Sachfen f. 3. Hettlinger von Winterthur. Rainaldis Frerres. Mr. Pont de Lyon. Sulzer von Basel. Deixner von Strasbourg,96,0018.txt
97,7 Augufti 1780,1780-01-07,SCHWERDT,1,Mr. Hall,97,0018.txt
98,7 Augufti 1780,1780-01-07,SCHWERDT,1,Mr. Jacob. Mr. Brand,98,0018.txt
99,7 Augufti 1780,1780-01-07,SCHWERDT,1,Chevaliers Anglois. Buffe de Châlons. Esmenjeaud de Moulins. Mr. le Maire de Metz. Hr Freyburger von Kirchberg. Reinhard von Wangen. Carlis de Modena.,99,0018.txt
100,7 Augufti 1780,1780-01-07,STORCHEN,2,Mr. Barade d'Auvergne. 4 Landl-,100,0018.txt
101,7 Augufti 1780,1780-01-07,ADLER,3,François Monde de Nancy f. 2,101,0018.txt
102,7 Augufti 1780,1780-01-07,ADLER,3,"Jgfr. Schweizerin von St. Gallen. Hr. Saxer von Arau. 3 Handw,",102,0018.txt
103,7 Augufti 1780,1780-01-07,HIRSCHEN,4,Hr Wilk von Schinznach. Mr. Fornaro von Langenfee. Piach de Milano. Hr Iselin von Schaffhaufen f. 4.,103,0018.txt
104,7 Augufti 1780,1780-01-07,RAABEN,5,Sr. Alfari f. 2- di Domod'Offola- Calandre f. 2- di Belgirate- le Pouri di Arone- Hr. Bodmer von Wüllingen. Tobler von Flach. 23 Landl,104,0018.txt
105,7 Augufti 1780,1780-01-07,RAABEN,5,7 Pilger,105,0018.txt
106,7 Augufti 1780,1780-01-07,RAABEN,5,LEUEN- 42 Landl,106,0018.txt
107,7 Augufti 1780,1780-01-07,RAABEN,5,3 Handw,107,0018.txt
108,7 Augufti 1780,1780-01-07,RAABEN,5,ROESSLI 47 Landl- SCHWANEN- 7 Landl.,108,0018.txt
109,8 Augusti 1780,1780-08-08,SCHWERDT,1,Hr. Blumer von Glarus. Carlis de Modena. Hettlinger von Winterthur. Sulzer von Bafel. Deixner von Strasbourg. Mr. Hall,109,0020.txt
110,8 Augusti 1780,1780-08-08,SCHWERDT,1,Mr Jacob. Mr Brand Chev. Anglois. Buffe de Chalons. Esmenjeaud de Moulins. Mr. le Maire de Metz. Hr Freyhofer von Kirchberg. Reinhard von Wangen. Gerichtsherr Brutel von Schaffisheim,110,0020.txt
111,8 Augusti 1780,1780-08-08,SCHWERDT,1,Spengler,111,0020.txt
112,8 Augusti 1780,1780-08-08,SCHWERDT,1,Mr. Hardmann von Lenzburg. le Grand de Belford. 2 Landl-,112,0020.txt
113,8 Augusti 1780,1780-08-08,STORCHEN,2,Mr. Barade d'Auvergne. 4 Landl. 3 Handw.,113,0020.txt
114,8 Augusti 1780,1780-08-08,ADLER,3,Hr. Saxer von Arau. Jgfr. Schweizerin von St. Gallen. François Monde de Nancy f. 2.,114,0020.txt
115,8 Augusti 1780,1780-08-08,HIRSCHEN,4,Mr. Fornaro von Langenfee. 12 Landl. 1 Handw. 1 Schwab.,115,0020.txt
116,8 Augusti 1780,1780-08-08,RAABEN,5,Hr. Bodmer von Wülflingen. Jacob Hunkeler von Altishofen f. 3. 2 Landl. 3 Bilger. LEUEN- 1 Holländ. Soldat. 35 Landl. 2 Handw.,116,0020.txt
117,8 Augusti 1780,1780-08-08,ROESSLI,7,Ein Frankfurter und Arauer Fuhrmann f. 4. 7 Landl. 1 Handw. SCHWANEN- 7 Landl.,117,0020.txt
118,9 Auguſti 1780,1780-01-09,SCHWERDT,1,Hr. Blumer von Glarus. Carlis de Modena. Deiſner von Strasbourg. Sulzer von Baſel. Mr. Hall,118,0022.txt
119,9 Auguſti 1780,1780-01-09,SCHWERDT,1,Mr Jacob. Mr Brand Chev. Anglois. le Maire de Metz. f. 2. Gerichtsherr Brutel von Schaffiſheim,119,0022.txt
120,9 Auguſti 1780,1780-01-09,SCHWERDT,1,Spengler,120,0022.txt
121,9 Auguſti 1780,1780-01-09,SCHWERDT,1,Mr. Hardtmann von Lenzburg. le Grand de Belford. Pir Schuh von Saarbrücken,121,0022.txt
122,9 Auguſti 1780,1780-01-09,SCHWERDT,1,Albrecht von Genf. Rebattu de Dyon,122,0022.txt
123,9 Auguſti 1780,1780-01-09,SCHWERDT,1,Tanner von Herisau. Schweizer von Lichtenſteig. et Mad. Maurice von Strasbourg. Uhlmann von Feurthalen. 26 Landleuth-,123,0022.txt
124,9 Auguſti 1780,1780-01-09,STORCHEN,2,"Mr. Barade d'Auvergne. 4 Handw,",124,0022.txt
125,9 Auguſti 1780,1780-01-09,ADLER,3,Hr. Saxer von Arau. Jgfr. Schweizerin von St. Gallen. François Monde de Nancy f. 3,125,0022.txt
126,9 Auguſti 1780,1780-01-09,ADLER,3,"1 Handw,",126,0022.txt
127,9 Auguſti 1780,1780-01-09,HIRSCHEN,4,11 Landl,127,0022.txt
128,9 Auguſti 1780,1780-01-09,HIRSCHEN,4,1 Schwäbin.,128,0022.txt
129,9 Auguſti 1780,1780-01-09,RAABEN,5,Sr. Alfari di Domod'oſſ la f. 2,129,0022.txt
130,9 Auguſti 1780,1780-01-09,RAABEN,5,Calandre f. 2. di Belgrate,130,0022.txt
131,9 Auguſti 1780,1780-01-09,RAABEN,5,le Pourri de Arond. LEUEN- Hr Martin aus Böhmen,131,0022.txt
132,9 Auguſti 1780,1780-01-09,RAABEN,5,8 Landl. 1 Handw. ROESSLI Jacob Zehner von Hundweil,132,0022.txt
133,9 Auguſti 1780,1780-01-09,RAABEN,5,Ein Frankfurter Fuhrmann f. 4. SCHWANEN- 10 Landl.,133,0022.txt
134,10 Augusti 1780,1780-08-10,SCHWERDT,1,Hr. Blumer von Glarus. Carlis de Modena. le Grand de Belford. le Maire de Metz. f. 2. Hettlinger von Winterthur. Sulzer von Basel. Deixner von Strasbourg,134,0024.txt
135,10 Augusti 1780,1780-08-10,SCHWERDT,1,Mr,135,0024.txt
136,10 Augusti 1780,1780-08-10,SCHWERDT,1,Hall,136,0024.txt
137,10 Augusti 1780,1780-08-10,SCHWERDT,1,Mr Jacob,137,0024.txt
138,10 Augusti 1780,1780-08-10,SCHWERDT,1,Mr Brand Chev. Anglois. de Vermenoux de Paris. Albrecht von Genf. Tanner von Herisau. Uhlmann von Feurthalen. Peratty de Turin. Mr. Bono di Belgirate. Mazzachelli di Gallazetti,138,0024.txt
139,10 Augusti 1780,1780-08-10,SCHWERDT,1,di Lechi di Milan. Pater Ignatzi,139,0024.txt
140,10 Augusti 1780,1780-08-10,SCHWERDT,1,von Mindelheim.,140,0024.txt
141,10 Augusti 1780,1780-08-10,STORCHEN,2,Hr,141,0024.txt
142,10 Augusti 1780,1780-08-10,STORCHEN,2,Pfau und dessen Frau von Schaffhausen,142,0024.txt
143,10 Augusti 1780,1780-08-10,STORCHEN,2,Mr. Barade d'Auvergne. 2 Landl. 1 Thurgäuer,143,0024.txt
144,10 Augusti 1780,1780-08-10,STORCHEN,2,4 Schwab. 1 Handw.,144,0024.txt
145,10 Augusti 1780,1780-08-10,ADLER,3,"Hr. Saxer von Arau. Francois Monde de Nancy f. 3. Jaques Chanal de Besançon. Jgfr. Schweizerin von St. Gallen. Frau Posterin von Schaffhausen. 3 Landl,",145,0024.txt
146,10 Augusti 1780,1780-08-10,HIRSCHEN,4,Mr. Fornaro von Langensee f. 2,146,0024.txt
147,10 Augusti 1780,1780-08-10,HIRSCHEN,4,1 Landl,147,0024.txt
148,10 Augusti 1780,1780-08-10,HIRSCHEN,4,"3 Schwaben. 1 Handw,",148,0024.txt
149,10 Augusti 1780,1780-08-10,RAABEN,5,Sr. Alberi di Domod'Offa f. 2. Calandre f. 2. di Belgirate,149,0024.txt
150,10 Augusti 1780,1780-08-10,RAABEN,5,Helbling,150,0024.txt
151,10 Augusti 1780,1780-08-10,RAABEN,5,Portrait-Mahler v.Wien. Weber von Glarus. Kauffmann u. Frau v Wintert. Herold von Lörach. Jean Jaques Rose de Besançon. le Pouri di Arone,151,0024.txt
152,10 Augusti 1780,1780-08-10,RAABEN,5,7 Pilger. 5 Landl. 1 Handw. LEUEN- Hr Martin aus Böhmen. 18 Landl. ROESSLI- Ein Frankfurter,152,0024.txt
153,10 Augusti 1780,1780-08-10,RAABEN,5,ein Arauer Fuhrmann f. 4. Caspar Lübsch voy Glarus- 4 Landl-,153,0024.txt
154,13 Augufti 1780,1780-01-13,SCHWERDT,1,Hr. Blumer von Glarus. Carlis de Modena. Hettlinger von Winterthur. Albrecht Mr Joly- Mr Bodier- de Geneve- Mr. Bono di Belgirate. Mazzachelli di Gallarati. Bonavia- Mr Richelmy de Turin- Billiet. Mad. de Ferret aus dem Elfaff. Kreff von Solothurn. Bachtel. Hr. Angerer. Hr. Habicht v. Schaffhaufen. Gutzler von Bafel. Kapff. Hr. Hanhardt de Geneve.,154,0028.txt
155,13 Augufti 1780,1780-01-13,STORCHEN,2,Mr. Barade d'Auvergne. Mauritz Schächter von Altftätten. Barade. 2 Schwaben. 3 Handw.,155,0028.txt
156,13 Augufti 1780,1780-01-13,ADLER,3,Francois Monde de Nancy f. 3. Noel Corbaffier de Savoye. Maria Schmidt von Billingen. 2 Handw.,156,0028.txt
157,13 Augufti 1780,1780-01-13,HIRSCHEN,4,Mr. Fornaro von Langenfee f. 2. Joh. Rifs von Saralben im Naffauifchen. Elifabeth Wünfch von Weinfelden. 2 Landl.,157,0028.txt
158,13 Augufti 1780,1780-01-13,RAABEN,5,Hr. Hefbling,158,0028.txt
159,13 Augufti 1780,1780-01-13,RAABEN,5,Portrait-Mahler v. Wien. 3 Landl. 1 Handw.,159,0028.txt
160,13 Augufti 1780,1780-01-13,ROESSLI,7,1 Luzerner und ein Frankfurter Fuhrmann. 7 Pilger.,160,0028.txt
161,13 Augufti 1780,1780-01-13,SCHWANEN,6,8 Landleuth.,161,0028.txt
162,14 Augusti 1780,1780-08-14,SCHWERDT,1,Hr. Blumer von Glarus. Carlis de Modena. Hettlinger von Winterthur. Mr. Bono di Belgirate. Mazzachelli di Gallarate. Bonavija. Mr Richelmi de Turin. Bächtel von Schaffhausen. Wardtmann de Morges. Balliotij von Leipzig. Albrecht de Joly. Mr. de Tbournes- Mr. Lullin,162,0030.txt
163,14 Augusti 1780,1780-08-14,SCHWERDT,1,Boigier. Mr.Raymond. Kapt. Hr.Hauhardtde Geneve.,163,0030.txt
164,14 Augusti 1780,1780-08-14,STORCHEN,2,Mr. Barade d'Auvergne. Mauritz Schächter von Altstätten. Joh. Bursy von Waldshut. Joh. Hitz von Chur,164,0030.txt
165,14 Augusti 1780,1780-08-14,STORCHEN,2,2 Handw.,165,0030.txt
166,14 Augusti 1780,1780-08-14,ADLER,3,Mr. Francois Mondé de Nancy f. 3,166,0030.txt
167,14 Augusti 1780,1780-08-14,ADLER,3,Joh. Corbaffier de Savoye. Jof. Keil von Neuhausen bey Stuttgardt. Ncolaus Liebling von Karlstadt. 1 Handw.,167,0030.txt
168,14 Augusti 1780,1780-08-14,HIRSCHEN,4,Elisabeth Wünsch von Weinfelden. Joh. Rifs von Saralben im Nassauischen. 2 Landl.,168,0030.txt
169,14 Augusti 1780,1780-08-14,RAABEN,5,Hr. Helbling,169,0030.txt
170,14 Augusti 1780,1780-08-14,RAABEN,5,Portrait-Mahler v. Wien. Carlo Calpin von Langensee. 1 Landl. Ignatz Müller von Colmar. Jab. Biber von Glarus. Ochsner von Schaffhausen f. 3,170,0030.txt
171,14 Augusti 1780,1780-08-14,RAABEN,5,& 9 Recrouten. 3 Handw.,171,0030.txt
172,14 Augusti 1780,1780-08-14,LEUEN,8,Hr. Justinus Dietr. Kuhl von Isnach. 2 Handw.,172,0030.txt
173,14 Augusti 1780,1780-08-14,ROESSLI,7,Hr. Fridr. Kull von Othmarfingen Ein Frankfurter Fuhrmann- } Landleuth.,173,0030.txt
174,14 Augusti 1780,1780-08-14,SCHWANEN,6,Düppeler von Tägerfelden f. 3. 3 Landleuth.,174,0030.txt
175,17 Augusti 1780,1780-08-17,SCHWERDT,1,Hr. Blumer von Glarus. Carlis de Modena. Hettlinger von Winterthur. Bonavia de Turin. Bächtel von Schaffhausen. Wartmann de Morges. Bellarij von Leipzig. Albrecht - Mr Joly- Mr. de Thournes- Mr. Lullin,175,0032.txt
176,17 Augusti 1780,1780-08-17,SCHWERDT,1,Bolzer. Mr.Raymond. Kapt. Hr. Hanhardt de Geneve.,176,0032.txt
177,17 Augusti 1780,1780-08-17,STORCHEN,2,Mr. Barade d'Auvergne. Joh. Hitz von Chur,177,0032.txt
178,17 Augusti 1780,1780-08-17,STORCHEN,2,5 Handw.,178,0032.txt
179,17 Augusti 1780,1780-08-17,ADLER,3,Mr- François Monde de Nancy f. 3,179,0032.txt
180,17 Augusti 1780,1780-08-17,ADLER,3,Noel Corballier de Savoye. Anna Maria Stärkin von Kaufbayern. 7 Handw.,180,0032.txt
181,17 Augusti 1780,1780-08-17,HIRSCHEN,4,Elisabeth Wünsch von Weinfelden. Mr. Fornaro von Langensee f. 2,181,0032.txt
182,17 Augusti 1780,1780-08-17,HIRSCHEN,4,Besan de Neuchatel. Joh. Christ. Ziegenhaim aus Sachsen. Leopold Ringold von Constanz. Georg Müller von Presburg. Jac. Ruthishauser von Gütingen. 5 Pilger. 2 Handw.,182,0032.txt
183,17 Augusti 1780,1780-08-17,RAABEN,5,Hr. Helbling,183,0032.txt
184,17 Augusti 1780,1780-08-17,RAABEN,5,Portrait-Mahler v.Wien. 4 Leipziger Fuhrleuth. LEUEN- Hr Martin aus Böhmen. 7 Handw. Joh. Tomman von St. Bläsi. ROESSLI- Ein Frankfurter Fuhrmann- f. 3.,184,0032.txt
185,17 Augusti 1780,1780-08-17,SCHWANEN,6,Hr. Schmid von Hizkirch.,185,0032.txt
186,16 Augufti 1780,1780-01-16,SCHWERDT,1,Hr. Blumer von Glarus. Carlis de Modena. Hettlinger von Winterthur. Bächtel von Schaffhaufen. Wartmann de Morges. Bellatti von Leipzig. Mr. de Thouries- Mr. Lullin. Mr. Boizier. Mr.Raymond. Kapf. Hr.Hanhardt de Geneve. Obrift von Miller in Neapolit. Dienten f. 3. le Comte de Montbelliard & 2 Damen aus dem Elfafs. le Chanoine de Billieux von Zurzach. Wunfchold von Strafsburg. Pfarrer Ruffenacht von Lichtenfteg. Hbtm. Studer von Lucern. Hägerr von St. Gallen. Hr.Stählin von Reinegg. Mad. de Ferrets von Brontrut. STÖRCHEN. Mr. Barade d'Auvergne. Joh. Hitz von Chur. 4 Handw. Eggetfchweiler von Wangen f. 2. Joh. Bürgy von Waldshut. 1 Schwab.,186,0034.txt
187,16 Augufti 1780,1780-01-16,ADLER,3,Mr. François Monde de Nancy f. 3. Noel Corbaffier de Savoye. 2 Handw.,187,0034.txt
188,16 Augufti 1780,1780-01-16,HIRSCHEN,4,Mr. Fornaro von Langenfee f. 2. Hs. Ruthishaufler von Gütingen. 2 Landleuth.,188,0034.txt
189,16 Augufti 1780,1780-01-16,RAABEN,5,Hr. Schellenberg. Hr. Goldfchmidt von Winterthur. 4 Leipziger Fuhrleuth. 30 Pilger. 4 Handw. 4 Landl.,189,0034.txt
190,16 Augufti 1780,1780-01-16,LEUEN,8,Hr Martin aus Böhmen. 4 Handw.,190,0034.txt
191,16 Augufti 1780,1780-01-16,ROESSLI,7,Mr. Ambrof. Seretto de Milan f. 2. Ant. Schneefmann aus der March. Ein Frankfurter Fuhrmann. 3 Handw.,191,0034.txt
192,16 Augufti 1780,1780-01-16,SCHWANEN,6,2 Landl.,192,0034.txt
193,17 Augufti 1780,1780-01-17,SCHWERDT,1,Hr. Blumer von Glarus. Carlis de Modena. Bächtel von Schaffhaufen. Wartmann de Morges. Mr. Raymond. Mr. Hanhardt de Geneve. Wunfchold von Strafsburg. Pfarrer Ruffenacht von Liechtenfteg. Mofer von Biel. Pons,193,0036.txt
194,17 Augufti 1780,1780-01-17,SCHWERDT,1,les Frerres Raynaldis de Lyon. Eine Frau von Surfee f. 3. STÖRCHEN. Mr. Barade d'Auvergne. Joh. Hitz von Chur. Ulrich Frommherz von Gerweil f. 2. 3 St. Galler Fuhrleuth. 9 Schwaben. 3 Landl.,194,0036.txt
195,17 Augufti 1780,1780-01-17,ADLER,3,Mr. Francois Mondè de Nancy f. 3. Noel Corbaffier de Savoye. 8 Schwab. 3 Landl.,195,0036.txt
196,17 Augufti 1780,1780-01-17,HIRSCHEN,4,Mr. Fornaro von Langenfee f. 2. Jac. Ruthishauser von Gütingen. Bader von Schaffhaufen. Richard de Strasbourg. 4 Schwaben. 4 Landleuth.,196,0036.txt
197,17 Augufti 1780,1780-01-17,RAABEN,5,Mr. Falzolla de Milan f. 2. Mefch von Frick f. 2. Franz Diethelm von Lachen f. 3. Gebrüder Levi von Hohenembs. f. 3. 16 Pilger. 6 Landl.,197,0036.txt
198,17 Augufti 1780,1780-01-17,LEUEN,8,Hr Martin aus Böhmen. 4 Handw.,198,0036.txt
199,17 Augufti 1780,1780-01-17,ROESSLI,7,Mr. Ambrof. Scretto de Milan f. 2. Rizi di Chiavenna f. 2. Jacob Weber von Cander. 2 Landl.,199,0036.txt
200,17 Augufti 1780,1780-01-17,SCHWANEN,6,2 Schwaben.,200,0036.txt
201,18 Augusti 1780,1780-08-18,SCHWERDT,1,Hr. Blumer von Glarus. Carlis de Modena. Büchtel von Schaffhausen. Wunschold von Straisburg. Moser von Biel. Mylord Jocelyn. Mr. le Chev. Newenham ,201,0038.txt
202,18 Augusti 1780,1780-08-18,SCHWERDT,1,Anglois. Berta di Belgirate. Salle de Mirecourt. Benner,202,0038.txt
203,18 Augusti 1780,1780-08-18,SCHWERDT,1,Comödien-Director von Baaden. Colmar de Paris. Heinse's von Düsseldorf. Hunkeller von Damersellen. Ein Soldat vom Regim. Kalbermatten in Sardinisch. Diensten.,203,0038.txt
204,18 Augusti 1780,1780-08-18,STORCHEN,2,Mr. Baride d'Auvergne. Joh. Hitz von Chur. Peter Murhard von Nürnberg. Vit Schmid von Büblikon f. 2. Anton Brändlj von Lachen. 2 Handw.,204,0038.txt
205,18 Augusti 1780,1780-08-18,ADLER,3,Mr. François Mondé de Nancy f. 3. Noel Corbattier de Savoye. 6 Zurzacher Fuhrleuth.,205,0038.txt
206,18 Augusti 1780,1780-08-18,HIRSCHEN,4,Mr. Fornaro von Langensee f. 2. Jac. Ruthishauser von Gütingen. Bader von Schaffhausen. Jean Magnat d'Auvergne. 2 Landl.,206,0038.txt
207,18 Augusti 1780,1780-08-18,RAABEN,5,Hr. Helbling,207,0038.txt
208,18 Augusti 1780,1780-08-18,RAABEN,5,Portrait-Mahler v.Wien. Gebrüder Levi von Hohenembs. f. 3. Legler von Glarus. 16 Pilger.,208,0038.txt
209,18 Augusti 1780,1780-08-18,LEUEN,8,Hr Martin aus Böhmen. 2 Handw. Jof. Bek von Augstahl.,209,0038.txt
210,20 Augufti 1780,1780-01-20,SCHWERDT,1,Hr. Blumer von Glarus. Carlis de Modena. Bächtel. Hr. Habicht von Schaffhaufen. Berta di Belgirate & Mr. Son Frere. Salle de Mirecour. Heinfee von Düffeldorf. Bifchoff von Bafel. Conftanson. Mr. Sanders,210,0040.txt
211,20 Augufti 1780,1780-01-20,SCHWERDT,1,Anglois. Baron Krefs von Kreffenftein. Baron von Holzfchuher. Baron von Haller,211,0040.txt
212,20 Augufti 1780,1780-01-20,SCHWERDT,1,fämtliche von Nürnberg. Legillons de Bruges. Fabry und Hr. Schaz von Strafsburg. le Grand de Belfort. Esmenjaud de Moulins f. 2.,212,0040.txt
213,20 Augufti 1780,1780-01-20,STORCHEN,2,Mr. Barade d'Auvergne. Murhard. Hr. Künhold von Nürnberg. 3 Handw.,213,0040.txt
214,20 Augufti 1780,1780-01-20,ADLER,3,Mr. Francois Monde de Nancy f. 3. Noel Corbaffier de Savoye.,214,0040.txt
215,20 Augufti 1780,1780-01-20,HIRSCHEN,4,Mr. Fornaro von Langenfee f. 2. Jac. Ruthishauser von Gütingen. Bader von Schaffhausen. Combert de Marfeille. Bader von Grichternberg aus Tyrol. 6 Landl.,215,0040.txt
216,20 Augufti 1780,1780-01-20,RAABEN,5,Hr. Helbling,216,0040.txt
217,20 Augufti 1780,1780-01-20,RAABEN,5,Portrait-Mahler v.Wien. Gebrüder Levi von Hohenembs. f. 3. 3 Handw. 16 Pilger.,217,0040.txt
218,20 Augufti 1780,1780-01-20,LEUEN,8,Hr Martin aus Böhmen. 3 Handw.,218,0040.txt
219,20 Augufti 1780,1780-01-20,ROESSLI,7,Hr. Gebrüdere zum Stein v. Augftahl. Rizi di Chiavenna f. 2. 4 Landl.,219,0040.txt
220,21 Augusti 1780,1780-08-21,SCHWERDT,1,Hr. Blumer von Glarus. Berta di Belgirate. Salle de Mirecourt. Heinsee von Düsseldorf. Carlis de Modena. Confianson. Mr. Sanders,220,0042.txt
221,21 Augusti 1780,1780-08-21,SCHWERDT,1,Anglois. Baron Krefs von Kressenstein. Baron von Holzschuher. Baron von Haller,221,0042.txt
222,21 Augusti 1780,1780-08-21,SCHWERDT,1,sämtliche von Nürnberg. Legillons de Bruges,222,0042.txt
223,21 Augusti 1780,1780-08-21,SCHWERDT,1,Fabry und Hr. Schaz von Strasburg. Esmenjaud de Moulins f. 2. Beaumont. Mr. Curchot. Mr. Meuron de Geneve. Marcer de Meziere. Mr. Pion de Besanson. Gallot de Soleure. Puchatsch & Mr. Stephani,223,0042.txt
224,21 Augusti 1780,1780-08-21,SCHWERDT,1,Musici von Prag. Pater Beichtiger aus dem Fähr.,224,0042.txt
225,21 Augusti 1780,1780-08-21,STORCHEN,2,Mr. Barade d'Auvergne. Murhard. Hr. Künhold von Nürnberg. Fürsprech Widmer von Sarnenstorff. Anton Calpino di Domodosola f. 2. 3 Handw. 2 Landl.,225,0042.txt
226,21 Augusti 1780,1780-08-21,ADLER,3,Mr. Francois Monde de Nancy f. 3,226,0042.txt
227,21 Augusti 1780,1780-08-21,ADLER,3,Noel Corbassier de Savoye. Meyer von Eslingen. Thaddäus Huber von Geerweil.,227,0042.txt
228,21 Augusti 1780,1780-08-21,HIRSCHEN,4,Mr. Fornaro von Langensee f. 2,228,0042.txt
229,21 Augusti 1780,1780-08-21,HIRSCHEN,4,Jac. Ruthishausler von Göttingen. Bader von Schaffhausen. Jean Burat di Noiaretta f. 2. Jac. Hilzinger von Gachlingen. 5 Landleuth.,229,0042.txt
230,21 Augusti 1780,1780-08-21,RAABEN,5,Hr. Helsbing,230,0042.txt
231,21 Augusti 1780,1780-08-21,RAABEN,5,Portrait-Mahler v.Wien. Gebrüder Levi von Hohenembs. f. 3. Rathsherr Ott von Schaffhausen f. 2. Cundert v. Glarus. Jac. Hori von Colmar f. 2.,231,0042.txt
232,21 Augusti 1780,1780-08-21,LEUEN,8,Hr Martin aus Böhmen. 3 Handw.,232,0042.txt
233,21 Augusti 1780,1780-08-21,ROESSLI,7,Mr. Jean Zamponi & Mr. Ant. Baretti de Milan f. 3. Rizi di Chiavenna f. 2.,233,0042.txt
234,21 Augusti 1780,1780-08-21,SCHWANEN,6,5 Landl.,234,0042.txt
235,23 Augusti 1780,1780-08-23,SCHWERDT,1,Hr. Blumer von Glarus. Carlis de Modena. Baron Krefs von Kreffenstein. Baron von Holzfchuher. Baron von Haller,235,0046.txt
236,23 Augusti 1780,1780-08-23,SCHWERDT,1,fämmtliche von Nürnberg. Mazloff. Hr. Gall von Strasburg. Esmenjaud de Moulins f. 2. Corboz de Geneve. Mr. Patinoz de Barleduc. Dolle de Grenoble. de Vermenoux. Mr. Bernier. Mr. Neyville de Paris. Guillebert. Mr. Meuron de Neuchatel. Lochoret & Comp. de Brigue en Vallais à 12. 1 Frankfurter Fuhrmann.,236,0046.txt
237,23 Augusti 1780,1780-08-23,STORCHEN,2,Mr. Barade d'Auvergne. Bapt. Widekeller von Arbon. 4 Handw.,237,0046.txt
238,23 Augusti 1780,1780-08-23,ADLER,3,Mr. Francois Mondé de Nancy f. 3. Noel Corbaffier de Savoye. 2 Landleuth.,238,0046.txt
239,23 Augusti 1780,1780-08-23,HIRSCHEN,4,Mr. Fornaro von Langenfee f. 2. Jac. Ruthishauser von Gütingen. Stoll von Diessenhofen. Jean Magnat Dauvergne. 2 Pilger. 2 Landl.,239,0046.txt
240,23 Augusti 1780,1780-08-23,RAABEN,5,Hr. Helbling,240,0046.txt
241,23 Augusti 1780,1780-08-23,RAABEN,5,Portrait-Mahler v. Wien. Bederetti di Chiavenna. Cafpar Bartlimé von Gehrweil. Cafpar Laager von Glarus f. 2. Locher v. Feidenberg f. 2. Franz Wenk von Schmerikon. Gebrüder Levi von Hohenembs. f. 3. 2 Leipziger Fuhrleuth. 2 Landl.,241,0046.txt
242,23 Augusti 1780,1780-08-23,LEUEN,8,Jeff. Seraph. Blumerlin von Lindau. 3 Handw.,242,0046.txt
243,23 Augusti 1780,1780-08-23,ROESSLI,7,Mr. Frattelli Stephani di Chiavenna f. 2.,243,0046.txt
244,24 Augusti 1780,1780-08-24,SCHWERDT,1,Mr. Esmenjaud de Moulins f. 2. Dolle de Grenoble. Baron Krefs. Baron von Holzfchuher. Baron von Haller,244,0048.txt
245,24 Augusti 1780,1780-08-24,SCHWERDT,1,fämtliche von Nürnberg. de Vermenoux de Paris. Guillebert. Mr. Meuron de Neuchatel. Mutzelberger. Hr. Binder u. Frau von St. Gallen. Borazzi und Hoffmann von Bamberg. Bourgeois d'Iverdon. de Planto Officier de Caval. in Königl. Franz. Dienst. Wegner v. Constanz. Pater August von Werthenheim. Blumer von Glarus.,245,0048.txt
246,24 Augusti 1780,1780-08-24,STORCHEN,2,Mr. Bapt. Widekeller von Arbon. Jgfr. Anna Lunzin v. Rheinegg. Jgfr. Nadi von Sargans. Hr. Schmid v. Zzach. 3 Schwab. 2 Handw. 2 Landl. 1 Berner,246,0048.txt
247,24 Augusti 1780,1780-08-24,STORCHEN,2,1 Kanstadter,247,0048.txt
248,24 Augusti 1780,1780-08-24,STORCHEN,2,1 Schafhaufer Kutscher.,248,0048.txt
249,24 Augusti 1780,1780-08-24,ADLER,3,Hr. Meyer von Efslingen. Noel Corbassier de Savoye. Pfau v. Schaffhauf. Cortenaller von Stubach aus Tyrol. 6 Zzacher Fuhrleuth. 4 Handw. 2 Schwab. 5 Landl.,249,0048.txt
250,24 Augusti 1780,1780-08-24,HIRSCHEN,4,Hr. Zulauff von Brugg. 3 Handw. 2 Schwaben. Jean Magnat Dauvergne. Jac. Ruthishaufer von Gütingen.,250,0048.txt
251,24 Augusti 1780,1780-08-24,RAABEN,5,Hr. Helbling,251,0048.txt
252,24 Augusti 1780,1780-08-24,RAABEN,5,Portrait-Mahler v. Wien. Meyer von Hohenembs. f. 2. Peter Chaam. Caspar Weber f. 9. von Glarus. 6 Pilger. 8 Landl.,252,0048.txt
253,24 Augusti 1780,1780-08-24,LEUEN,8,Hr. Bachmann v. Stettfort. Sam. Berger von Bern. Cath. Kellerin von Rheinfelden. 2 Landl. 3 Handw.,253,0048.txt
254,24 Augusti 1780,1780-08-24,ROESSLI,7,Hr. Imfon aus Tyrol. Hr. Schilling von Uri f. 2. Schindler von Glarus. Jof. Leonti Lieberheer von Utznach. 1 Breisgauer Tuchhändler. 5 Landl.,254,0048.txt
255,24 Augusti 1780,1780-08-24,SCHWANEN,6,5 Landl.,255,0048.txt
256,25 Augusti 1780,1780-08-25,SCHWERDT,1,Jkr. Spitahl - Herr Schuhmacher und Frau. Schweitzer. Jkr. Mahler,256,0050.txt
257,25 Augusti 1780,1780-08-25,SCHWERDT,1,fämtl. von Lucern. Mr. Esmenjaud de Moulins f. 2. Dolle de Grenoble. Baron Krefs. Baron von Holzfchuher. Baron von Haller,257,0050.txt
258,25 Augusti 1780,1780-08-25,SCHWERDT,1,fämtliche von Nürnberg. de Vermenoux de Paris. Guillebert. Mr. Meuron de Neuchatel. Borazzi und Hoffmann von Bamberg. Bourgeois d'Iverdon. Blumer von Glarus. Schirley Anglois. 1 Frankfurter Fuhrmann.,258,0050.txt
259,25 Augusti 1780,1780-08-25,STORCHEN,2,Mr. Bapt. Widekeller von Arbon. Jean Barade d'Auvergne. 1 Berner,259,0050.txt
260,25 Augusti 1780,1780-08-25,STORCHEN,2,1 Bamberger Kutfcher. 2 Landl. 5 Handw. 1 Pilger.,260,0050.txt
261,25 Augusti 1780,1780-08-25,ADLER,3,Hr. Meyer von Efslingen. Noel Corbaffier de Savoye. 1 Handw. 2 Landl.,261,0050.txt
262,25 Augusti 1780,1780-08-25,HIRSCHEN,4,Mr. Fornaro von Langenfee f. 2. Jac. Ruthishaufer von Gütingen.,262,0050.txt
263,25 Augusti 1780,1780-08-25,RAABEN,5,Hr. Helbling,263,0050.txt
264,25 Augusti 1780,1780-08-25,RAABEN,5,Portrait-Mahler v. Wien. Meyer von Hohenems: f. 3. Ant. Muetter von Rheinau. 2 Pilger.,264,0050.txt
265,25 Augusti 1780,1780-08-25,LEUEN,8,Cath. Kellerin von Rheinfelden. 1 Landl. 3 Handw.,265,0050.txt
266,25 Augusti 1780,1780-08-25,ROESSLI,7,Mr. Jof. Leonti Lieberheer von Utznach. 2 Landl.,266,0050.txt
267,27 Augufti 1780,1780-01-27,SCHWERDT,1,Mr. Esmenjaud de Moulins f. 2. Baron Krefs. Baron von Holzfchuher. Baron von Haller,267,0052.txt
268,27 Augufti 1780,1780-01-27,SCHWERDT,1,Pfändfche von Nürnberg. Blumer von Glarus. de Vermenoux de Paris. Gallier Commiffaire General de Paris. Mad. Lajard de Toulon. Mr. Collon,268,0052.txt
269,27 Augufti 1780,1780-01-27,SCHWERDT,1,Mad. Mignot de Barleduc. Joly de Geneve. Robin de Laufanne.,269,0052.txt
270,27 Augufti 1780,1780-01-27,STORCHEN,2,Mr. Jean Barade d'Auvergne. 3 Landl. 1 Handw. 3 Pilger.,270,0052.txt
271,27 Augufti 1780,1780-01-27,ADLER,3,Hr. Meyer von Efslingen. Noel d'Auvergne. 4 Zurzacher Fuhrleuth.,271,0052.txt
272,27 Augufti 1780,1780-01-27,HIRSCHEN,4,Mr. Fornaro von Langenfee f. 2. Jacob Helbling von Rapperfchwil. Ein Thurgäuer. 5 Landl. 1 Handw.,272,0052.txt
273,27 Augufti 1780,1780-01-27,RAABEN,5,Hr. Helbling,273,0052.txt
274,27 Augufti 1780,1780-01-27,RAABEN,5,Portrait-Mahler v. Wien. Beker von Glarus. Ein Appenzeller. f. 2. 4 Pilger. 1 Handw.,274,0052.txt
275,27 Augufti 1780,1780-01-27,LEUEN,8,Hr. Chriftian Haag von Augfpurg,275,0052.txt
276,27 Augufti 1780,1780-01-27,LEUEN,8,Krämer. 4 Landl. 3 Handw.,276,0052.txt
277,27 Augufti 1780,1780-01-27,ROESSLI,7,Hr. Nicolaus Lager u. Peter Martin v. Glarus. Landvogt Stähelin von Näfels. Jofeph Pfund aus Tyrol. Weybel von Lichtenfteg. Joh. Rup. von Sargans.,277,0052.txt
278,28 Augusti 1780,1780-08-28,SCHWERDT,1,Mr. Esmenjaud de Moulins f. 2. Baron Krefs,278,0054.txt
279,28 Augusti 1780,1780-08-28,SCHWERDT,1,Baron von Holzfchuh jr. Baron von Haller,279,0054.txt
280,28 Augusti 1780,1780-08-28,SCHWERDT,1,fämtliche von Nürnberg. Blumer von Glarus. de Vernenoux de Paris. Gallier Commiffaire General de Paris. Mad. Layard de Toulon. Mr. Collon,280,0054.txt
281,28 Augusti 1780,1780-08-28,SCHWERDT,1,Mad. Mignon de Barleduc. Joly de Genève. Robin de Laufanne. Sachy de Bellentz. Schultheis Curry von Rapperfchweil. Grimm & Comp. de Soleure.,281,0054.txt
282,28 Augusti 1780,1780-08-28,STORCHEN,2,Mr. Jean Barade d'Auvergne f. 3. 1 Schaffhaufer Fuhrmann. 2 Oelhändler von Riedlingen. 2 Landl. 4 Handw.,282,0054.txt
283,28 Augusti 1780,1780-08-28,ADLER,3,Hr. Meyer von Efchingen. Noel Corbaffier d'Auvergne. Jof. Befognier d'Auvergne. 3 Landl. 6 Handw.,283,0054.txt
284,28 Augusti 1780,1780-08-28,HIRSCHEN,4,Mr. Fornaro von Langenfee f. 2. 1 Landl.,284,0054.txt
285,28 Augusti 1780,1780-08-28,LEUEN,8,Hr. Chriftian Haag von Augfpurg,285,0054.txt
286,28 Augusti 1780,1780-08-28,LEUEN,8,Krämer. 2 Pilger. 4 Handw.,286,0054.txt
287,28 Augusti 1780,1780-08-28,SCHWANEN,6,6 Landl.,287,0054.txt
288,29 Augusti 1780,1780-08-29,SCHWERDT,1,Mr. Esmenjaud de Moulins f. 2. Baron Krets. Baron von Holzschuher. Baron von Haller,288,0056.txt
289,29 Augusti 1780,1780-08-29,SCHWERDT,1,sämtliche von Nürnberg. Blumer von Glarus. de Vermenoux de Paris. Gallier Commissaire Général de Paris. Mad. Lajard de Toulon. Dieuast von Basel f. 4. Eine Frau aus dem Toggenburg. 2 Frauen von Lenzburg.,289,0056.txt
290,29 Augusti 1780,1780-08-29,STORCHEN,2,Mr. Jean Barade d'Auvergne f. 3. Leontj Süfs aus dem Entlibuch.,290,0056.txt
291,29 Augusti 1780,1780-08-29,ADLER,3,Hr. Meyer von Efslingen. Noel Corballier d'Auvergne. Jof. Befognier d'Auvergne.,291,0056.txt
292,29 Augusti 1780,1780-08-29,HIRSCHEN,4,Mr. Fornaro von Langenfee f. 2. 4 Landl. 1 Handw.,292,0056.txt
293,29 Augusti 1780,1780-08-29,RAABEN,5,Hr. Helbling,293,0056.txt
294,29 Augusti 1780,1780-08-29,RAABEN,5,Portrait-Mahler v. Wien. Nicol. zum Stein von Memmingen f. 2. Calandre. Mr Alzari de Milan f. 2. Ant. Schifflin von Lachen. Ant. Pfister von Rothweil f. 2. Ignatj Straup von Kirchzarg f. 2. Math. Aegerli von Paffenweil f. 3. Ant. Imhoof. Franz Koch v. Bremgarten. Ant. Miet von Ammen. 1 Leipziger Fuhrmann. 6 Landl.,294,0056.txt
295,29 Augusti 1780,1780-08-29,LEUEN,8,1 Landl. 9 Handw.,295,0056.txt
296,29 Augusti 1780,1780-08-29,ROESSLI,7,Mr. Pascal de Bourgogne f. 2. Samuel Flohr von Kulm. 3 Landl. 1 Handw.,296,0056.txt
297,30 Augusti 1780,1780-08-30,SCHWERDT,1,Mr. Esmenjaud de Moulins. Baron Krefs. Baron von Holzfchuher. Baron von Haller,297,0058.txt
298,30 Augusti 1780,1780-08-30,SCHWERDT,1,fämtliche von Nürnberg. Blumer von Glarus. Dienast von Basel f 4. Beſt. Mr. Bridges Anglois Dollfus. Ryster. von Mühlhaufen. Landvogt Tanner und Näunj von Herifau. Faut von Saarbrücken. Baron & Comp. von Augſpurg. Cherbet von Schafflisheim.,298,0058.txt
299,30 Augusti 1780,1780-08-30,STORCHEN,2,Hr. Zobel von Stuttgardt f. 2. Jof. Eggefchweiler von Wangen. Joh. Hombel von Seengen.,299,0058.txt
300,30 Augusti 1780,1780-08-30,ADLER,3,Hr. Meyer von Efslingen. Noel Corbalier d'Auvergne. Ant. Scharr aus Amberg in Bayern f. 2. 6 Zurzacher Fuhrzacher.,300,0058.txt
301,30 Augusti 1780,1780-08-30,HIRSCHEN,4,Mr. Fornaro von Langentee f. 2,301,0058.txt
302,30 Augusti 1780,1780-08-30,HIRSCHEN,4,3 Landl. 2 Handw.,302,0058.txt
303,30 Augusti 1780,1780-08-30,ROESSLI,7,Mr. Pascal de Bourgogne f 2. Rizi. Mr. Beterettj di Chiavenna f 8. Aloyſius Heckli von Schweiz. Schneelj von Glarus. Daniel Ernſt von Arau. Hugelſchoffer von Alterichweifen. 6 Landl.,303,0058.txt
304,30 Augusti 1780,1780-08-30,SCHWANEN,6,Hr. Joh. Näunj von Herifau. 2 Landl.,304,0058.txt
305,31 Augusti 1780,1780-08-31,SCHWERDT,1,Mr. Esmenjaud de Moulins f. 2. Baron Kreis. Baron von Holzlehuher. Baron von Haller,305,0060.txt
306,31 Augusti 1780,1780-08-31,SCHWERDT,1,sämtliche von Nürnberg. Zwicky. Hr Blumer von Glarus. Dollfus. Rysler. von Mühlhausen. Faut von Saarbrücken. Pallavant. Hr von Grieselin. Hr Keller von Basel. Hogner de Versailles. Hr Meismer v. Rheineck f. 2. Straub von St. Gallen.,306,0060.txt
307,31 Augusti 1780,1780-08-31,STORCHEN,2,Hr. Ant. Mechel v. Altendorf. Custer v. Schmerikon. Ulrich Binder v. Rheinegg f. 2. Kehrli v. Schännis. Marie Koch von Berikon. 2 Schwaben.,307,0060.txt
308,31 Augusti 1780,1780-08-31,ADLER,3,Hr. Meyer von Efslingen. 6 Schwaben. 7 Landl.,308,0060.txt
309,31 Augusti 1780,1780-08-31,HIRSCHEN,4,Mr. Fornaro von Langensee f. 2. 1 Kutscher v. Baaden. 4 Handw. 2 Schwaben.,309,0060.txt
310,31 Augusti 1780,1780-08-31,RAABEN,5,Hr. Helbling,310,0060.txt
311,31 Augusti 1780,1780-08-31,RAABEN,5,Portrait-Mahler v. Wien. Hr. Looser v. Wattweil f. 2. Thürry v. Herisau. Steger v. Lichtensteg. Hr Gäzi v. Underätzich. Hr. Rudy. Hr. Wart von Glarus. Hr. Rathsherr Leuziger f. 8. v. Glarus. Steinegger v. Lachen. Källin von Einsidlen f. 3. Nufsbaumer v. Ober Egeri f. 3. Rathsherr Fornaro von Rapperschweil. Höfsli von Barmbach. 6 Landl. Barbara Büritzelij von Ober Embs.,311,0060.txt
312,31 Augusti 1780,1780-08-31,LEUEN,8,2 Landl. 3 Handw.,312,0060.txt
313,31 Augusti 1780,1780-08-31,ROESSLI,7,Mr. Gerombert d'Utrecht. Mr. Morell de Savoye. Adam Schürmann von Brudenz f. 4. Ant. Gafsner von Schindenlegij f. 3. Grubenmann von Wettingen. 1 Brisgäuer Tuchhändler. 10 Landl. 2 Handw.,313,0060.txt
314,31 Augusti 1780,1780-08-31,SCHWANEN,6,3 Schwab. 3 Landl.,314,0060.txt
315,2 Novembre 1780,1780-01-02,SCHWERDT,1,Hr. Baron von Brandes von Hanover. Leonhardt von Müllhausen. Carlis de Modena. Hr. Addé. von Mannheim. Pater Lechner Minorit. Ord. von Würtzburg. Hr. Reich v. Tübingen Musicus. Les Freres Juanne de Versailles. Pelegrin. de Lyon. Mr. Lesouef de Paris. Fuchs. Hr. Spiegel von Rappertschweil. Krell v. Solothurn. Hr. Widder v. Gottlieben.,315,0168.txt
316,2 Novembre 1780,1780-01-02,STORCHEN,2,Hr. Benjamin Wolff von Mannheim f. 2. Waldtfpühl von Murj f. 2. 4 Pilger. Vit Schmid v. Bünlikon. 11 Schwaben.,316,0168.txt
317,2 Novembre 1780,1780-01-02,ADLER,3,4 Zurzacher Fuhrleuth. 11 Schwaben. 10 Landl. ROTHA HN. Hr. Lang aus Sachsen. 7 Schwaben. Georg Egloff von Tägerweilen. 3 Landl. Jean Billa di Bergamo f. 2. Probft d. Lyon. Hr. Sandtner aus Tyrol. 1 Kutfcher von Müllausen.,317,0168.txt
318,2 Novembre 1780,1780-01-02,HIRSCHEN,4,Hr. Michael Kern von Bamberg f. 3. Music. Zulauff von Brugg. 7 Landl. Jcfr. Gutin von Baaden. 2 Schwaben.,318,0168.txt
319,2 Novembre 1780,1780-01-02,LEUEN,8,Hr. Kieser von Lenzburg. 10 Landl. Benjamin Küchler von Murj. 2 Handw. 1 Franzöfifcher Sergeant. & 2 Recruten.,319,0168.txt
320,2 Novembre 1780,1780-01-02,ROESSLI,7,Hr. Undervogt Müller von Schmerikon. Jacob Basler von Steckboren. 6 Landl. 1 Handw.,320,0168.txt
321,2 Novembre 1780,1780-01-02,SCHWANEN,6,Hr. Müllibach von Tägerfelden f. 3. Hr. Firtz von Tägerfelden f. 2. 4 Landl. 1 Schwab.,321,0168.txt
322,3 Novembre 1780,1780-01-03,SCHWERDT,1,Hr. Baron von Brandes von Hanover. Carlis de Modena. Hr. Addè. von Mannheim. Hr. Kreich v. Tübingen Musicus. Pelegrin. de Lyon. Mr. Lescuef de Paris. Widder v. Gottlieben. Zohlin. Baur von Donau-Efchingen f. 3. Wagner von Triette. Robert. & Mr. Rodolph de Barleduc.,322,0170.txt
323,3 Novembre 1780,1780-01-03,STORCHEN,2,Hr. Benjamin Wolff von Mannheim f. 2. Wittenbach von Muri f. 2. 4 Pilger. Vit Schmid v. Bühlifon.,323,0170.txt
324,3 Novembre 1780,1780-01-03,ADLER,3,Hr. Johann Stampfer aus Tyrol f. 3. 1 Landl. 3 Handw.,324,0170.txt
325,3 Novembre 1780,1780-01-03,HIRSCHEN,4,Hr. Michael Kern von Bamberg f. 3. Musie. Hr. Leonhard Fornaro von Langenfee. Hr. Mich. Winckler v. Schleitlingen. f. 3. Hr. Augustin Steiner aus Tyrol. Jacob Meyer aus dem Muenthal.,325,0170.txt
326,3 Novembre 1780,1780-01-03,LEUEN,8,Hr Schäfer aus Böhmer. 1 Französischer Sergent. & 2 Recruten. 4 Handw. ROESSLI 2 Landl. 1 Handw.,326,0170.txt
327,3 Novembre 1780,1780-01-03,SCHWANEN,6,Hr. Koch von Dieffenhoffen.,327,0170.txt
328,5 Novembre 1780,1780-01-05,SCHWERDT,1,Hr. Landfchreiber Jenuer aus dem Freyamt. Landfchreiber Stedler von Lentzburg. Hr. Fehr von Bern. Layer von Colmar f. 2. Carlis de Modena. Hr. Addè. von Mannheim. Hr. Kreich v. Tubingen Musicus. Wagner von Trielte.,328,0172.txt
329,5 Novembre 1780,1780-01-05,STORCHEN,2,Hr. Benjamin Wolff von Mannheim f. 2.,329,0172.txt
330,5 Novembre 1780,1780-01-05,ADLER,3,Hr. Johann Stampfer aus Tyrol f. 3. Sulzer von Winterthur. Peter von Peurthalen. Singer von Stein. 3. Landl.,330,0172.txt
331,5 Novembre 1780,1780-01-05,RAABEN,5,Hr. Bernhardt Weber von Schaffhausen f. 2. Ein Flaweiler Fuhrmann. 7 Landl. 2 Handw.,331,0172.txt
332,5 Novembre 1780,1780-01-05,LEUEN,8,Hr Schäfer aus Böhmen. 8 Handw. 2 Landl.,332,0172.txt
333,5 Novembre 1780,1780-01-05,ROESSLI,7,Ein St. Galler Fuhrmann. 2 Landl. 2 Handw. SCHWANEN Hr. Ziegler von Winterthur f. 2. 8 Landl.,333,0172.txt
334,6 Novembre 1780,1780-01-06,SCHWERDT,1,Mr. Forell de Geneve. Joslin von Basel. Fehr von Bern. Spiegel von Rapperschweil. Leyer von Colmar f. 2. Carli de Modena. Hr. Adde. von Mannheim. Hr. Kreich v. Tübingen Musicus.,334,0174.txt
335,6 Novembre 1780,1780-01-06,STORCHEN,2,Hr. Benjamin Wolff von Mannheim f. 2. Fürsprech Widmer von Sarnenstorff. Amb. Anselmalz von Tübingen.,335,0174.txt
336,6 Novembre 1780,1780-01-06,ADLER,3,Hr. Johann Stampfer aus Tyrol f. 3. 6 Landl. 2 Handw.,336,0174.txt
337,6 Novembre 1780,1780-01-06,HIRSCHEN,4,Hr. Michael Kern von Bamberg f. 2. Musie. Leonhard Fornaro von Langensee. Hr. Mich. Winckler v. Schleitlingen. f. 3. Hr. Augustin Steiner aus Tyrol. 3 Landl. 12 Pilger. 3 Hanew.,337,0174.txt
338,6 Novembre 1780,1780-01-06,RAABEN,5,Hr. Bernhardt Weber von Schaffhausen f. 2. Tschudj von Glarus. Jof. Enz von Bätzenheit.,338,0174.txt
339,6 Novembre 1780,1780-01-06,LEUEN,8,Hr Schäfer aus Böhmen. Ein Französischer Recroute.,339,0174.txt
340,6 Novembre 1780,1780-01-06,ROESSLI,7,Mr. Simon Cros de Savoye. 5 Landl. 4 Handw.,340,0174.txt
341,6 Novembre 1780,1780-01-06,SCHWANEN,6,6 Landl.,341,0174.txt
342,7 Novembre 1780,1780-01-07,SCHWERDT,1,Mr. Borell de Geneve. Iſelin von Baſel. Fehr von Bern. Spiegel von Rapperſchweil. Layer von Colmar ſ. 2. Carlis de Modena. Hr. Addè. von Mannheim. Hr. Kreich v. Tübingen Musicus. Haubtmann Khuon. Hr. Lieutenant Khuon. Galliner Voluntair. Sämtliche vom Regſin. Royal. Allemande in Sardiniſchen Dienſten. Labhardt von Kauffbayern. Neuffer von Leutkirch. Miller von Lindau.,342,0176.txt
343,7 Novembre 1780,1780-01-07,STORCHEN,2,Hr. Benjamin Wolff von Mannheim ſ. 2. 4 Handw.,343,0176.txt
344,7 Novembre 1780,1780-01-07,ADLER,3,Hr. Johann Stampfer aus Tyrol ſ. 2. Joſeph Beſoignez d'Auvergne ſ. 2. 2 Landl. 2 Handw.,344,0176.txt
345,7 Novembre 1780,1780-01-07,HIRSCHEN,4,Hr. Michael Kern von Bamberg ſ. 3. Muſic. Leonhard Fornaro von Langenſee. Hr. Mich. Winckler v. Schlettingen. ſ. 3. Hr. Auguſtin Steiner aus Tyrol.,345,0176.txt
346,7 Novembre 1780,1780-01-07,RAABEN,5,Hr. Truttmann von Schweiz. Rietter von Winterthur,346,0176.txt
347,7 Novembre 1780,1780-01-07,RAABEN,5,& 2 Kutſcher.,347,0176.txt
348,7 Novembre 1780,1780-01-07,LEUEN,8,Hr Schäfer aus Böhmen,348,0176.txt
349,7 Novembre 1780,1780-01-07,LEUEN,8,Frz. Joſ. Kauffmann von Fullenbach.,349,0176.txt
350,7 Novembre 1780,1780-01-07,ROESSLI,7,Mr Simon Gros de Savoye. 7 Landl. SCHWANEN Ein Kutſcher von Schaffhauſen.,350,0176.txt
351,9 Novembre 1780,1780-01-09,STORCHEN,2,Hr. Pfau v. Schaffhausen f. 2. 7 Schwaben. Jacob Meyer von Baltenschweil f. 2.,351,0180.txt
352,9 Novembre 1780,1780-01-09,ADLER,3,16 Schwaben. 10 Landl.,352,0180.txt
353,9 Novembre 1780,1780-01-09,HIRSCHEN,4,Hr. Michael Kern von Bamberg f. 3. Music. Madm. Françoise Dolet de Belfort f. 2. 3 Handw. 3 Landl. 10 Schwaben.,353,0180.txt
354,9 Novembre 1780,1780-01-09,RAABEN,5,Hr. Truttmann von Schweiz. Baron Tschudj von Zurzach. Bodmer von Wälfflingen. Beglinger von Glarus f. 3. Brämj von Rapperschweil. Hartmann von Nürnberg. 4 Landl.,354,0180.txt
355,9 Novembre 1780,1780-01-09,LEUEN,8,Hr Schäfer aus Böhmen. Perrola de Savoye. 5 Landl. 2 Handw.,355,0180.txt
356,9 Novembre 1780,1780-01-09,ROESSLI,7,Mr. Morell de Savoye. 3 Brissguer Tuchhändler. 8 Landl. 1 Handw. SCHWANEN Hr. Fuchs von Lucern f. 4. Joh. Schmid von Hizkirch f. 2. 5 Landl.,356,0180.txt
357,10 Novembre 1780,1780-01-10,SCHWERDT,1,Mr. Borell de Geneve. Hr. Iselin von Basel. Hr. Layer von Colmar f. 2. Doctor Hubert von Gaiss. Langl: de. Mr. Desouscecret.de Lyon. Bidermann von Winterthur. Develly Mr. Friederic Mr. Jain de Geneve. Haubtm. Bar. v. Rothenthal in Kayf. Dienften. Madm. Garnier de Paris. Hr. Kreich v. Tübingen Musicus. STÖRCHEN. Hr. Benjamin Wolff von Manheim f. 2. Casp. Ehrismann von Biel. Leontj Süss aus dem Entlibuch. Ein Postillion von Waldtshut. 4 Handw. 3 Landl.,357,0182.txt
358,10 Novembre 1780,1780-01-10,ADLER,3,Hr. Johann Stampfer aus Tyrol f. 3. Georg Schlatter von Fillingen f. 3. Rosina Wildin von Stetten. 2 Schwaben. 2 Landl.,358,0182.txt
359,10 Novembre 1780,1780-01-10,RAABEN,5,Hr. Baron Tschudj von Zurzach. Major Tschudj von Glarus. Ulrich Schweitzer von Ebm f. 1 Holländischer Soldat. 14 Landl.,359,0182.txt
360,10 Novembre 1780,1780-01-10,LEUEN,8,Hr. David Bachmann von Stettfort. 2 Landl.,360,0182.txt
361,10 Novembre 1780,1780-01-10,ROESSLI,7,Mr. Morell de Savoya. Hr. Berchtold aus Tyrol. Müller Fofter von Wurmspach. 14 Landl. Chrift. Streff von Duttlingen f. 2. Haas v. Hornberg. Hr. Bruder v. Rastatt.,361,0182.txt
362,10 Novembre 1780,1780-01-10,SCHWANEN,6,Hr. Joseph Schmid v. Hizkrch. 9 Landl. Däppeler von Tägerfolden f. 3. Adam Fischler von Dieffenhoffen.,362,0182.txt
363,12 Novembre 1780,1780-01-12,SCHWERDT,1,Mr. Borell Mr. Jain Hr. Develay de Geneve. Doctor Gruber von Gaiss. Stadtschreiber Sultzer. Hr. Amtmann Hegner. beyde von Winterthur. Robert. Mr. Rudolph de Barleduc. Leonhardt von Müllhausen. Fehr von Frauenfeld. Krauss Virtuos von Ulm. Bayer Musicus aus Tyrol f. 2. Mr. Desouslecret. de Lyon. Hauptm. Bar. v. Rothenthal in Kayf. Diensten. Kreich Hr. Doctor Seeger von Tübingen.,363,0184.txt
364,12 Novembre 1780,1780-01-12,STORCHEN,2,Hr. Benjamin Wolff von Mannheim f. 2. Jacob Pfund von Unter-Hallau. 3 St. Galler Fuhrleuth. 4 Landl.,364,0184.txt
365,12 Novembre 1780,1780-01-12,ADLER,3,Hr. Johann Stampfer aus Tyrol f. 3.,365,0184.txt
366,12 Novembre 1780,1780-01-12,HIRSCHEN,4,Hr. Michael Kern von Bamberg f. 3. Music. Hr. Mich. Winckler v. Schlettingen. f. 3. Rudolph Rahn von St. Gallen. Leopold Bruder von Rastadt. 4 Handw. 8 Landl. 3 Schwaben.,366,0184.txt
367,12 Novembre 1780,1780-01-12,RAABEN,5,Hr. Pfau von Winterthur.,367,0184.txt
368,12 Novembre 1780,1780-01-12,LEUEN,8,1 Französischer Soldat & 1 Recroüt. 3 Handw.,368,0184.txt
369,12 Novembre 1780,1780-01-12,ROESSLI,7,Mr. Bastard de Strasburg. Calandre de Turin. 2 Handw. 9 Landl.,369,0184.txt
370,12 Novembre 1780,1780-01-12,SCHWANEN,6,Hr. Joseph Schmid v. Hizkirch. Ziegler von Winterthur. Huber von Diessenhossen. 3 Landl.,370,0184.txt
371,13 Novembre 1780,1780-01-13,STORCHEN,2,Hr. Benjamin Wolff von Mannheim ſ. 2. Jacob Pfund von Unter-Hallau. Amb. Anſelmalz von Dillingen.,371,0186.txt
372,13 Novembre 1780,1780-01-13,ADLER,3,Hr. Johann Stampf r aus Tyrol ſ. 3. 3 Handw.,372,0186.txt
373,13 Novembre 1780,1780-01-13,HIRSCHEN,4,Hr. Michael Kern von Bamberg ſ. 3. Muſic. Hr. Mich. Winckler v. Schlettlingen. ſ. 3. Leonhard Fornaro von Langenſee. Hr. Auguſtin Steiner aus Tyrol. Joſ. Stirnimann von Rheiden ſ. 2. 4 Landl.,373,0186.txt
374,13 Novembre 1780,1780-01-13,RAABEN,5,Hr. Sulzer von Winterthur. Bodmer von Wülfflingen ſ. 3. Truttmann von Schweiz. 4 Leipziger Fuhrleuth. ROESSLI Mr. Baſtard de Strasburg. Calandré de Turin. Leopold Bruder von Raſtatt. Joſeph von Moos von Lucern. 2 Handw. 2 Landl. SCHWANEN Hr. Jacob Leo von Mellingen. Ein Landmann.,374,0186.txt
375,14 Novembre 1780,1780-01-14,SCHWERDT,1,Mr. Borell Mr. Jain Hr. Develay de Geneve. Doctor Gruber von Gaifs f. 2. Fehr von Frauenfeld. Kraufs Virtuos von Ulm. Bayer Musicus aus Tyrol f. 2. Mr. Desousecret. de Lyon. Hauptm. Bar. v. Rothenthal in Kayf. Diensten. Kreich Hr. Doctor Seeger von Tübingen. Lötzleck von Lahr. Stoferscht von Lübeck. Ognibene. Mr. Calla Piccola di Pergine. Freyhoffer von Kirchberg.,375,0188.txt
376,14 Novembre 1780,1780-01-14,STORCHEN,2,Hr. Benjamin Wolff von Mannheim f. 2. Jacob Pfund von Unter-Hallau. Jof. Hudel von Bremgarten f. 2. Sebast. Hunziker von Leimbach. Joh. Rauch von Landau.,376,0188.txt
377,14 Novembre 1780,1780-01-14,ADLER,3,Hr. Jacob Clement von Regenspurg f. 2. Ammann Kesselring von Märstetten. Marianne Mossner v. Schaffhausen. 6 Landl.,377,0188.txt
378,14 Novembre 1780,1780-01-14,HIRSCHEN,4,Hr. Jof. Stirnimann von Rheiden f. 2. 4 Landl. Leonold Brucker von Raitatt. Mich. Hierholzer aus dem Schwarzwald.,378,0188.txt
379,14 Novembre 1780,1780-01-14,RAABEN,5,Hr. Bodmer von Wülfflingen f. 3. Truttmann von Schweitz. 4 Leipziger Fuhrleuth.,379,0188.txt
380,14 Novembre 1780,1780-01-14,LEUEN,8,Hr. Samuel Müller von Lenzburg. 10 Landl. Uhlmann von Augspurg. 6 Handw. 5 Holländische Sergenten. & 18 Recrouten. 1 Französischer Sergent & 2 Recroutes. RÖSSLI. Hr. Sulzer von Winterthur. Mr. Bastard de Strasburg. Hr. Calandre de Turin. Aloisi Brändli von Eschenbach. f. 2.,380,0188.txt
381,14 Novembre 1780,1780-01-14,SCHWANEN,6,10 Holländische Recrouten 4 Landl.,381,0188.txt
382,15 Novembre 1780,1780-01-15,SCHWERDT,1,Mr. Jain Hr. Develay de Geneve. Doctor Gruber von Gais f. 2. Kraufs Virtuos von Ulm. Bayer Muficus aus Tyrol f. 2. Mr. Desoufecret. de Lyon. Doctor Seeger von Tubingen. Ognibene. Mr. Caffa Piccola di Pergine. Freyhoffer von Kirchberg. Mela von Maynz. 2. Thränier.,382,0190.txt
383,15 Novembre 1780,1780-01-15,STORCHEN,2,Hr. Benjamin Wolff von Mannheim f. 2. Jacob Pfund von Unter- allau. 2 Landl.,383,0190.txt
384,15 Novembre 1780,1780-01-15,ADLER,3,Hr. Johann Stampfer aus Tyrol f. 3. Ammann Kefselring von Märftetten. Marianne Mofiner v. Schaffhausen. 4 Landl.,384,0190.txt
385,15 Novembre 1780,1780-01-15,HIRSCHEN,4,Hr. Auguftin Steigner aus Tyrol. Hr. Michael Kern von Bamberg f. 3. Mufc. Hr. Mich. Winckler v. Schlettlingen. f. 3. Leonhard Fornaro von Langenfee. 3 Handw. 3 Landl.,385,0190.txt
386,15 Novembre 1780,1780-01-15,LEUEN,8,Hr. Keusch von Merlschwanden. 2 Landl. 1 Handw.,386,0190.txt
387,15 Novembre 1780,1780-01-15,ROESSLI,7,Hr. Gottfried Fofter von Uetwellen f. 5.,387,0190.txt
388,15 Novembre 1780,1780-01-15,SCHWANEN,6,Hs. Ulrich Fromherz f. 2. Joseph Schmid von Hizkirch. 6 Landl.,388,0190.txt
389,16 Novembre 1780,1780-01-16,SCHWERDT,1,Mr. Jain Hr. Develay de Geneve. Doctor Gruber von Gaifs f. 2. Kraufs Virtuos von Ulm. Bayer Muficus aus Tyrol f. 2. Mr. Desouslecret. de Lyon. Ognibene. Mr. Caffa Piccola di Pergine. Freyhoffer von Kirchberg. de La rozierre d'Amiens.,389,0192.txt
390,16 Novembre 1780,1780-01-16,STORCHEN,2,Hr. Benjamin Wolff von Mannheim f. 2. Jacob Pfund von Unter-Hallau. 24 Schwaben.,390,0192.txt
391,16 Novembre 1780,1780-01-16,ADLER,3,Hr. Johann Stampfer aus Tyrol f. 3. Claube Toutlieu de St. Etienne. 4 Handw. 5 Landl. 12 Schwaben.,391,0192.txt
392,16 Novembre 1780,1780-01-16,RAABEN,5,Hr. Legler von Glarus. Buehl von Kayserftuhf. 2 Leipziger Fuhrleuth. 9 Landl.,392,0192.txt
393,16 Novembre 1780,1780-01-16,LEUEN,8,4 Landl. 1 Handw. ROESSLI Ein Frankfuhrter Fuhrmann. SCHWANEN Hr. Huber von Dieffenhofen. Joseph Schmid von Hizkirch f. 3 4 Landl.,393,0192.txt
394,17 Novembre 1780,1780-01-17,SCHWERDT,1,Mr. Jain Hr. Develay de Geneve,394,0194.txt
395,17 Novembre 1780,1780-01-17,SCHWERDT,1,Doctor Gruber von Gails f. 2,395,0194.txt
396,17 Novembre 1780,1780-01-17,SCHWERDT,1,Kaufs Virtuos von Ulm,396,0194.txt
397,17 Novembre 1780,1780-01-17,SCHWERDT,1,Mr. Desouslecret. de Lyon,397,0194.txt
398,17 Novembre 1780,1780-01-17,SCHWERDT,1,Oglibone Mr. Caffa Piccola di Pergine,398,0194.txt
399,17 Novembre 1780,1780-01-17,SCHWERDT,1,de Larozierre d'Amiens,399,0194.txt
400,17 Novembre 1780,1780-01-17,SCHWERDT,1,Faesch von Basel.,400,0194.txt
401,17 Novembre 1780,1780-01-17,STORCHEN,2,Hr. Benjamin Wolff von Mannheim f. 2,401,0194.txt
402,17 Novembre 1780,1780-01-17,STORCHEN,2,Jacob Meyer von Gehrweil f. 2.,402,0194.txt
403,17 Novembre 1780,1780-01-17,ADLER,3,Hr. Johann Stampfer aus Tyrol f. 3,403,0194.txt
404,17 Novembre 1780,1780-01-17,ADLER,3,Claude Toutlieu de St. Etienne.,404,0194.txt
405,17 Novembre 1780,1780-01-17,RAABEN,5,Hr. Siebenmann von Arau,405,0194.txt
406,17 Novembre 1780,1780-01-17,RAABEN,5,Jof. Gehnn von Kuchenbach,406,0194.txt
407,17 Novembre 1780,1780-01-17,RAABEN,5,Jacob Hartmann von Wattweil.,407,0194.txt
408,17 Novembre 1780,1780-01-17,LEUEN,8,Ein Französischer Soldat,408,0194.txt
409,17 Novembre 1780,1780-01-17,LEUEN,8,2 Landl. 1 Handw.,409,0194.txt
410,17 Novembre 1780,1780-01-17,ROESSLI,7,Hr. Berchtold aus Tyrol. Anton Barretti de Milan,410,0194.txt
411,17 Novembre 1780,1780-01-17,ROESSLI,7,2 Risgäuer Buchhändlr. Ein Frankfurter Fuhrmann. 9 Landl.,411,0194.txt
412,17 Novembre 1780,1780-01-17,SCHWANEN,6,Hr. Joh. Grob von Liechtenfteg. 4 Landl.,412,0194.txt
413,19 Novembre 1780,1780-01-19,SCHWERDT,1,Mr. Jain Hr. Develay de Geneve. Doctor Gruber von Gaifs f. 2. Kraufs Virtuos von Ulm. Mr. Desousfecret. de Lyon. Ognibene. Mr. Caffa Piccola di Pergine. Joanne de Versailles. Hurter von Schaffhausen. Landvogt Henry aus Bündten. Moffa de Troyes. Wenk. Hr. Zurcher von Basel. Oberdörffer von Strafsburg. Bueler von Memmingen. 6 Landl.,413,0196.txt
414,19 Novembre 1780,1780-01-19,STORCHEN,2,Hr. Benjamin Wolff von Mannheim f. 2. Martin Brenner von Weil f Iden. 6 Landl.,414,0196.txt
415,19 Novembre 1780,1780-01-19,ADLER,3,Hr. Joh. Friedrich Tschiffeli von Ehingen.,415,0196.txt
416,19 Novembre 1780,1780-01-19,HIRSCHEN,4,Hr. Augustin Steiner aus Tyrol. Hr. Michael Kern von Bamberg f. 3. Music. Hr. Mich. Winckler v. Schlettingen. f. 3. 3 Handw.,416,0196.txt
417,19 Novembre 1780,1780-01-19,RAABEN,5,Mr. Charles Centrier aus dem Wirtenberg,417,0196.txt
418,19 Novembre 1780,1780-01-19,RAABEN,5,Ein Leipziger Fuhrmann. Ein Kutscher von Winterthur. 10 Landl. 1 Handw.,418,0196.txt
419,19 Novembre 1780,1780-01-19,LEUEN,8,1 Landl. 3 Handw.,419,0196.txt
420,19 Novembre 1780,1780-01-19,ROESSLI,7,Ein St. Galler Fuhrmann. Ein Frankfurter Fuhrmann. 3 Landl.,420,0196.txt
421,19 Novembre 1780,1780-01-19,SCHWANEN,6,3 Landleu.h.,421,0196.txt
422,20 Novembre 1780,1780-01-20,SCHWERDT,1,Mr. Jain Hr. Develay de Geneve. Doctor Gruber von Gaiſs f. 2. Krauſs Virtuos von Ulm. Mr. Desouslecret. de Lyon. Ognibene. Mr. Caffa Piccola di Pergine. Jouanne de Versailles. Hurter von Schaffhausen,422,0198.txt
423,20 Novembre 1780,1780-01-20,SCHWERDT,1,Landvogt Henry aus Bündten. Moſſu de Troyes. Hr. Rudolph von Zurzach,423,0198.txt
424,20 Novembre 1780,1780-01-20,SCHWERDT,1,Blum von Fusach. Wenck. Hr. Zurcher von Basel. Voltz von Frankfuhrt. Bueler von Memmingen. Amts- Schultheiſs Hegner. Hr. Raths-Herr Hegner. Hr. Raths-Herr Sulzer. Hr. Stadtſchrb. Sulzer. ſämtliche von Winterthur.,424,0198.txt
425,20 Novembre 1780,1780-01-20,STORCHEN,2,Hr. Benjamin Wolff von Mannheim f. 2. Jacob Meyer von Gehrweil. Jacob Wehrli von Längendorff. 1 Klingnauer Salz Fuhrmann.,425,0198.txt
426,20 Novembre 1780,1780-01-20,ADLER,3,Hr. Joh. Friedrich Tſchiffeli von Ebingen. 2 Handw.,426,0198.txt
427,20 Novembre 1780,1780-01-20,RAABEN,5,Hr. Schönbeuger von Glarus. Ein Leipziger Fuhrmann.,427,0198.txt
428,20 Novembre 1780,1780-01-20,LEUEN,8,2 Landl. 4 Handw.,428,0198.txt
429,20 Novembre 1780,1780-01-20,ROESSLI,7,Mr. Morell de Savoye. Joſ. Mathiſe Auguſt. Ord. du Dauphiné f. 2. Ein Frankfuhrter Fuhrmann. 3 Landl. SCHWANEN 4 Landleuth.,429,0198.txt
430,21 Novembre 1780,1780-01-21,SCHWERDT,1,Mr. Jain Hr. Develay de Geneve. Doctor Gruber von Gaifs f. 2. Kraufs Virtuos von Ulm. Mr. Desouslecret. de Lyon. Hurter von Schaffhausen,430,0200.txt
431,21 Novembre 1780,1780-01-21,SCHWERDT,1,Rudolph von Zurzach. Undervogt Hugg von Ramfhen. Wenck. Hr. Zürcher von Basel,431,0200.txt
432,21 Novembre 1780,1780-01-21,SCHWERDT,1,Fueler von Memmingen. Amts- Schultheifs Hegner. Hr. Raths-Herr Hegner. Hr. Raths-Herr Sulzer. Hr. Stadtschrb. Sulzer. fämtliche von Winterthur. 2 Herren Gaenfle von Willhausen. Edelmann von Cappel.,432,0200.txt
433,21 Novembre 1780,1780-01-21,STORCHEN,2,Hr. Benjamin Wolff von Mannheim f. 2. Jacob Meyer von Gehrweil. 2 Handw.,433,0200.txt
434,21 Novembre 1780,1780-01-21,ADLER,3,Hr. Johann Stampfer aus Tyrol f. 3. 3 Landl. 2 Handw.,434,0200.txt
435,21 Novembre 1780,1780-01-21,RAABEN,5,Hr. Schönberger von Glarus. Ein Leipziger Fuhrmann.,435,0200.txt
436,21 Novembre 1780,1780-01-21,ROESSLI,7,Mr. Morell de Savoye. Jof. Mathise August. Ord. du Dauphiné Ein Zurzacher Fuhrmann. 3 Landl. SCHWANEN Hr. Anton Lüttold von Bärren f. 4. 2 Landleuth.,436,0200.txt
437,22 Novembre 1780,1780-01-22,SCHWERDT,1,Mr. Jain Hr. Develay de Geneve. Mr. Desouslecret. de Lyon. Meuron de Neuchatel. Hr. Syndicus Crismar. Oberpfleg. r Witzigman. beyde v. Constanz. Doctor Gruber von Gaiss f. 2. Hh.m. Fischer v. Bern. Hr. Dahn von Monjoge. Bertrand v. Bischwegler. Steger von Lichtenfleg Krauss Virtuos von Ulm. 2 Herren Gaentle von Willhausen. Rottmann von Cappel. Jgfr. Wetzinger von Solothurn f. 2.,437,0202.txt
438,22 Novembre 1780,1780-01-22,STORCHEN,2,Hr. Benjamin Wolff von Mannheim f. 2. Jacob Meyer von Gehrweil. Fursprech Keller v. Sarmenftorff. f. 3.,438,0202.txt
439,22 Novembre 1780,1780-01-22,ADLER,3,Hr. Landrichter Keffelring v. Märstetten. f. 3. Barb. Binder v. Thal. Johann Stampfer aus Tyrol f. 3. Fr. Spenglerin v. Schafhausen. 1 Landl. 2 Handw.,439,0202.txt
440,22 Novembre 1780,1780-01-22,RAABEN,5,Hr. Schönberger von Glarus. Ein Leipziger Fuhrmann. 1 Landm.,440,0202.txt
441,22 Novembre 1780,1780-01-22,LEUEN,8,Hr. Bachmann von Stettfort f. 2. 2 Landl. 1 Handw.,441,0202.txt
442,22 Novembre 1780,1780-01-22,ROESSLI,7,Mr. Simon Cros de Savoye. Mr. Volpsler de Savoye. Hr. Daniel Danielis v. Feldkirch f. 2. Ein Strasburger Fuhrmann. 1 Handw. SCHWANEN Hr. Wagmeister Gysler v. Urj. 5 Landl.,442,0202.txt
443,23 Novembre 1780,1780-01-23,SCHWERDT,1,Mr. Jain Hr. Develay de Geneve. Mr. Desouskerct. de Lyon. Hr. Syndicus Crsmar. Oberjägermeister Kertzigman. beyde v. Constanz. Doctor Gruber von Gaifsb. 2. Dalin von Monjoge. Hr. Faber v. Mörsburg. Bertrand v. Bischweglar. Steger von Lichtenberg Kraufs Virtuos von Ulm. Pater Paulus Franciscaner von Constanz. Schmidlin von Sursee. Jgfr. Wetzinger von Solothurn f. 2.,443,0204.txt
444,23 Novembre 1780,1780-01-23,STORCHEN,2,Mr. Crachi di Milano. Mar. Krieg v. Lachen f. 3. Jacob Meyer von Baltenschweil f. 2. 24 Schwaben.,444,0204.txt
445,23 Novembre 1780,1780-01-23,ADLER,3,Fr. Spenglerin v. Schaffhausen. Magdal. Keller von Baaden' 2 Handw. 6 Landl. 2 Schwaben.,445,0204.txt
446,23 Novembre 1780,1780-01-23,HIRSCHEN,4,Hr. Predari de Milan. Moerikofer v. Frauenfeld f. 3. Jacob Hunziker von Lenzburg. 2 Handw. 5 Landl. 2 Schwaben.,446,0204.txt
447,23 Novembre 1780,1780-01-23,LEUEN,8,Hr. Bachmann von Stettfort f. 2.,447,0204.txt
448,23 Novembre 1780,1780-01-23,LEUEN,8,4 Landl. 3 Handw.,448,0204.txt
449,23 Novembre 1780,1780-01-23,ROESSLI,7,Hr. Berchtold aus Tyrol. Pichter Burler von Reichenburg. 2 Brisgäuer Tuchhändler. 1 Handw. 5 Landl.,449,0204.txt
450,23 Novembre 1780,1780-01-23,SCHWANEN,6,Hr. Joseph Mooser von Hizkirch f. 6. 8 Landl.,450,0204.txt
451,24 Novembre 1780,1780-01-24,SCHWERDT,1,Hr. Syndicus Crismar. Oberpfleger Witzigman. beyde v. Constanz. Doctor Gruber von Gaiss f. 2. Bertrand v. Bischwegler. Steger von Lichtensteg. Krauss Virtuos von Ulm. Jgfr. Wetzinger von Solothurn,451,0206.txt
452,24 Novembre 1780,1780-01-24,STORCHEN,2,Mr. Craceli di Milan. Ambrosius Aufchmalz von Dillingen. Jof. Gallettj von Glarus.,452,0206.txt
453,24 Novembre 1780,1780-01-24,ADLER,3,Hr. Kesselring von Märstetten f. 2. 2 Landl. 2 Handw.,453,0206.txt
454,24 Novembre 1780,1780-01-24,RAABEN,5,Bell von Lucern. Bühler von Glarus f. 2. Verena Näffin von Ebnat.,454,0206.txt
455,24 Novembre 1780,1780-01-24,LEUEN,8,Hr. Jacob Ackermann von Hentschikon. 2 Handw.,455,0206.txt
456,24 Novembre 1780,1780-01-24,ROESSLI,7,Hr. Berchtold aus Tyrol. Richter Burler von Reichenburg. SCHWANEN Hr. Joh. Schmid von Hitzkirch. 2 Landl.,456,0206.txt
457,26 Novembre 1780,1780-01-26,SCHWERDT,1,Hr. Doctor Gruber von Gais f. 2. Bertrand v. Bischweÿler. Syndicus Crismar. Oberpfleger Witzigman. beyde v. Constanz. Krauss Virtuos von Ulm. Bethmann von Frankfuhrt. Hennig de Neufchatel. Hollwey und Frau von Frankfuhrt. Forrer von Winterthur. Madm. Garnier de Paris.,457,0208.txt
458,26 Novembre 1780,1780-01-26,STORCHEN,2,Hr. Joh. Bosshardt von Zug. 5 Handw. 2 Landl.,458,0208.txt
459,26 Novembre 1780,1780-01-26,ADLER,3,5 Landl.,459,0208.txt
460,26 Novembre 1780,1780-01-26,RAABEN,5,Hr. Hefftj von Glarus f. 2. Anton Stahl von Nürnberg. Andreas Morsbrugger von Bregenz. 2 Landl. 2 Handw.,460,0208.txt
461,26 Novembre 1780,1780-01-26,LEUEN,8,6 Handw. 5 Landl.,461,0208.txt
462,26 Novembre 1780,1780-01-26,ROESSLI,7,Hr. Richter Burler von Reichenburg. 5 Landl.,462,0208.txt
463,27 Novembre 1780,1780-01-27,SCHWERDT,1,Hr. Bethmann Hollweg und Frau von Frankfuhrt. Riedel von Jserlohn. Stadt-Rich er Vogler von Frauenfeld. Jacob Lohrer von Bischoffzell. Madm. Garnier de Paris.,463,0210.txt
464,27 Novembre 1780,1780-01-27,STORCHEN,2,2 Pilger.,464,0210.txt
465,27 Novembre 1780,1780-01-27,ADLER,3,5 Landl.,465,0210.txt
466,27 Novembre 1780,1780-01-27,HIRSCHEN,4,Hr. Michael Kern von Bamberg f. 3. Mufic. Leonhard Fornaro von Langenfee. Hr. Mich. Winckler v. Schlettlingen. f. 3. Elisabetha Weillhöptj von Herisau. 4 Landl. 1 Handw.,466,0210.txt
467,27 Novembre 1780,1780-01-27,RAABEN,5,Hr. Hefti. Hr. Laager von Glarus f. 2. Sulzer von Winterthur f. 2. Anton Stahli von Nürnberg. Wilhelm Etter von Scherzingen f. 2. Wunibald Enders von Conftanz. 2 Flaweiler Fuhrlenth. Ein Kutscher von Haubtweil. 2 Landl. 2 Handw.,467,0210.txt
468,27 Novembre 1780,1780-01-27,LEUEN,8,3 Handw. 3 Landl.,468,0210.txt
469,27 Novembre 1780,1780-01-27,ROESSLI,7,Hr. Richter Bürler von Reichenburg. Simon Cros de Savoye f. 2. Chrift. Kilber von Reichenburg f. 3. Leonti Lieberheer von Goldingen. 2 Frankfuhrt. Fuhrlenth. 1 Landl. SCHWANEN Hr. Joh. Schmid von Hizkirch.,469,0210.txt
470,28 Novembre 1780,1780-01-28,SCHWERDT,1,Hr. Bethmann Hollweg und Frau von Frankfuhrt. Riedel von Iserlohn. Jacob Lohrer von Bischoffzell. Seidenmeister Mayer. Hr. Raths-Herr Roschach beyde von Arbon. Lehn Vogt Burger von Murj. Madm. Garnier de Paris.,470,0212.txt
471,28 Novembre 1780,1780-01-28,STORCHEN,2,Hr. Joseph Eggetschweiler von Wangen f. 3.,471,0212.txt
472,28 Novembre 1780,1780-01-28,HIRSCHEN,4,Hr. Michael Kern von Bamberg f. 3. Musie. Leonhard Fornaro von Langensee. Hr. Mich. Winckler v. Schlettingen. f. 3. Elisabetha Weisshöpfj von Herisau. 3 Landl. 1 Handw.,472,0212.txt
473,28 Novembre 1780,1780-01-28,RAABEN,5,Hr. Pfeffj. von Glarus f. 2. Anton Stahl von Nürnberg. Wilhelm Etter von Scherzingen f. 2. Wunibald Endrers von Constanz. Fried. Schau von Unterwalden. Oswald Weber von Merzigen. Joh. Fischer von Brinz f. 2. Frau Elisabetha Rieggl von Eschenbach f. 2. 2 Leipziger Fuhrleuth. Ein Kutscher von Haubtweil.,473,0212.txt
474,28 Novembre 1780,1780-01-28,ROESSLI,7,Schiffmann Diethelm von Lachen f. 2. 2 Frankfuhrt. Fuhrleuth. 8 Landl.,474,0212.txt
475,28 Novembre 1780,1780-01-28,SCHWANEN,6,Hr. Joh. Schmid von Hitzkirch.,475,0212.txt
476,29 Novembre 1780,1780-01-29,SCHWERDT,1,Hr. Bethmann Hollweg und Frau von Frankfuhrt. Riedel von Iserlohn. Jacob Löhrer von Bischofz'll. Sekelmeister Mayer. Hr. Raths-Herr Roschach- beyde von Arbon. Frikinger von Schaffhausen. Lotzbek von Straisburg. Madm. Garnier de Paris.,476,0214.txt
477,29 Novembre 1780,1780-01-29,ADLER,3,Mr. François Mondè d'Auvergne. 6 Landl.,477,0214.txt
478,29 Novembre 1780,1780-01-29,HIRSCHEN,4,Hr. Michael Kern von Bamberg f. 3. Mufic. Leonhard Fornaro von Langenfee. Hr. Mich. Winckler v. Schlettingen. f. 3. Jacob Meyer aus dem Müenthal. 5 Landl. 2 Handw.,478,0214.txt
479,29 Novembre 1780,1780-01-29,RAABEN,5,Hr. Anton Stahl von Nürnberg. Heinrich Ruthishauser von Bottikoffen. Ferdinand Feyr von Rapperfchweil. 2 Leipziger Fuhrleuth. 5 Landl.,479,0214.txt
480,29 Novembre 1780,1780-01-29,LEUEN,8,Hr. Keusch von Merischwanden.,480,0214.txt
481,29 Novembre 1780,1780-01-29,ROESSLI,7,2 Frankfuhrt. Fuhrleuth. 3 Landl.,481,0214.txt
482,29 Novembre 1780,1780-01-29,SCHWANEN,6,Hr. Joh. Schmid von Hizkirch. Fuchs von Lucern f. 2.,482,0214.txt
483,30 Novembre 1780,1780-01-30,SCHWERDT,1,Hr. Riedl von Iſerlohn. Jacob Löhrer von Biſchoffzell. Sek Imeiſter Mayer. Hr. Raths-Herr Roſchach- bayde von Arbon. Frikinger von Schaffhauſen. Lo-zbek von Strauburg. Pater Wandermer Korn-Herr v. Rheinau f. 3. Secretan. Mr. de Brenler. Mr. de Crouſaz. de Sauſſure,483,0216.txt
484,30 Novembre 1780,1780-01-30,SCHWERDT,1,ſämtliche de Lauſanne. Statthalter Müller von Eſch. Rütj von Diettenhoffen. 4 Schwaben. 4 Landl.,484,0216.txt
485,30 Novembre 1780,1780-01-30,STORCHEN,2,Hr. Ignatius Meyerhans von Düettel. 37 Schwaben. 2 Landl.,485,0216.txt
486,30 Novembre 1780,1780-01-30,ADLER,3,Mr. François Mondè de Savoye. Johann Peter Battian von Augſtahl. 4 Handw. 7 Landl. 9 Schwaben.,486,0216.txt
487,30 Novembre 1780,1780-01-30,HIRSCHEN,4,Hr. Michael Kern von Bamberg f. 3. Muſic. Joſeph Schänno von Langenſee f. 2. Hr. Mich. Winckler v. Schlettlingen. f. 3. 3 Handw. 6 Landl. 2 Schwaben.,487,0216.txt
488,30 Novembre 1780,1780-01-30,LEUEN,8,5 Landl.,488,0216.txt
489,30 Novembre 1780,1780-01-30,ROESSLI,7,Hr. Franz Anton Widmer von Elchenbach f. 2. Meyer von Lucern. 2 Frankfurt. Fuhrleuth. 4 Landl. Ein Brisgäuer Tuchhändler.,489,0216.txt
490,30 Novembre 1780,1780-01-30,SCHWANEN,6,3 Landl.,490,0216.txt
491,3 December 1780,1780-01-03,SCHWERDT,1,Hr. Riedl von Jserlohn. Menoth de Strafsburg. Donna de Geneve. Naeff von Entein.,491,0220.txt
492,3 December 1780,1780-01-03,STORCHEN,2,2 Schwaben. 2 Handw.,492,0220.txt
493,3 December 1780,1780-01-03,ADLER,3,Mr. François Monde de Savoye. 5 Landl.,493,0220.txt
494,3 December 1780,1780-01-03,HIRSCHEN,4,Hr. Michael Kern von Bamberg f. 3. Muse. Hr. Mich. Winckler v. Schlettlingen. f. 3. 4 Handw. 5 Landl.,494,0220.txt
495,3 December 1780,1780-01-03,RAABEN,5,Hr. Anton Stahl von Nürnberg. Mr. Christoff Rocally di Bergamo f. 4. de Stouroni de Grison f. 3. Major Convers de Neufchatel. Lager Hr. Winteler. Hr. Jenny von Glarus. Jacob Ammann von Herisau. Ein Kutscher von Schaffhausen. 2 Handw. 3 Landl.,495,0220.txt
496,3 December 1780,1780-01-03,LEUEN,8,Hr. Schäffer aus Böhmen. 3 Landl. 2 Handw.,496,0220.txt
497,3 December 1780,1780-01-03,ROESSLI,7,3 Flaweiler & 1 Lucerner Fuhrmann.,497,0220.txt
498,3 December 1780,1780-01-03,SCHWANEN,6,Hr. Rudolph Koch von Dieffenhoffen. 8 Landl.,498,0220.txt
499,4 December 1780,1780-01-04,SCHWERDT,1,Hr. Riedel von Iserlohn. Menoth de Strasburg. Donna Mr. Morlon de Geneve. Schatter von St. Gallen. Naeff von Erffein.,499,0222.txt
500,4 December 1780,1780-01-04,STORCHEN,2,Hr. Fürsprech Widmer von Sarnenstorff f. 2.,500,0222.txt
501,4 December 1780,1780-01-04,ADLER,3,Mr. François Monde de Savoye. 5 Hülzinger Muß anten. 5 Landl. 3 Handw.,501,0222.txt
502,4 December 1780,1780-01-04,RAABEN,5,Mr. Chriſtoff Caſte di Bergamo f. 4. de Houponi de Grison f. 3. Jacob Ammann von Herisau. Barth. Barretti d' Intra f. 2. Meyrett von Einfidlen. Jud Michel Dreyfuſs von Endigen f. 2. Joh. Küng von Gebistorff. LEUEN 2 Landl. ROESSLI Mr. Calandra de Turin. Simon Cros de Savoye. Friederich Sattler von Kirchheim. SCHWANEN Hr. Däppeler von Tagerfelden f. 3. 3 Landl.,502,0222.txt
503,5 December 1780,1780-01-05,SCHWERDT,1,Hr. Riedel von Jſerlohn. Menoth de Straſsburg. Mr. Morillon de Geneve. Reſpinger von Baſul. Moſſu de Troyes. Bonafout von Waldtshut f. 2. Heiſsig Muſicus aus Schleſien f. 2.,503,0224.txt
504,5 December 1780,1780-01-05,STORCHEN,2,2 Landl. 1 Handw.,504,0224.txt
505,5 December 1780,1780-01-05,ADLER,3,Mr. François Mondè de Savoye. 5 Hilzinger Muſicanten. 3 Handw.,505,0224.txt
506,5 December 1780,1780-01-05,HIRSCHEN,4,Hr. Michael Kern von Bamberg f. 3. Muſic. Hr. Mich. Winckler v. Schlettlingen. f. 3. Leonhard Fornaro von Langenſee. 2 Handw. 2 Landl.,506,0224.txt
507,5 December 1780,1780-01-05,RAABEN,5,Mr. Chriſtoff Caſſe di Bergamo f. 4. Jud Michel Dreyfuſs von Endigen f. 2. Hr. Anton Stahl von Nürnberg. Anton Michler von Lachen. Martin Ehrhardt von Müllhauſen f. 2. 5 Leipziger Fuhrleuth.,507,0224.txt
508,5 December 1780,1780-01-05,LEUEN,8,Hr. Schäffer aus Böhmen.,508,0224.txt
509,5 December 1780,1780-01-05,ROESSLI,7,Mr. Calandra de Turin. Gebrüder zum Stein von Stockach. Melchior Martj von Othmarſingen. 5 Landl. 3 Handw.,509,0224.txt
510,6 December 1780,1780-01-06,SCHWERDT,1,Hr. Riedel von Jserlohn. Schlatter von St. Gallen. Mr. Morillon de Geneve. Kespinger von Basel. Moflu de Troyes. Lonafout von Waldtshut f. 2. Heifsig Muficus aus Schlefien f. 2. Albertis von Arbou.,510,0226.txt
511,6 December 1780,1780-01-06,STORCHEN,2,2 Landl. 1 Handw.,511,0226.txt
512,6 December 1780,1780-01-06,ADLER,3,5 Hilzinger Muficanten. 3 Handw.,512,0226.txt
513,6 December 1780,1780-01-06,RAABEN,5,Mr. Chriftoff Caffe di Bergamo f. 4. Trümplj. Hr. Oertlj von Glarus f. 2. Georg Schärfel aus Bayern f. 3. Ein Kutscher von Basel. 3 Landl. 5 Leipziger Fuhrleuth.,513,0226.txt
514,6 December 1780,1780-01-06,ROESSLI,7,Hr. Sekel-meifter Hauser von Näfels f. 2. Franz Heller aus dem Elsafs. Caspar Bollinger von Schaffhausen. SCHWANEN Hr. Ziegler von Winterthur. Joh. Schmid von Hizkirch. 2 Landl.,514,0226.txt
515,7 December 1780,1780-01-07,SCHWERDT,1,Hr. Haubtm. von Flüe. Hr. Lieuten. von Flüe. beyde vom Regim. Boccard in Französischen Diensten. Mr. Riva di Lugano. Baroflio de Mendris. Millard de Chalon. Respinger von Basel. Heisig Musicus aus Schlesien s. 2.,515,0228.txt
516,7 December 1780,1780-01-07,STORCHEN,2,Hr. Mettich von Strasburg. Heinrich Sautter von Hoob. 1 Glas Fuhrmann aus dem Schwarzwald. 38 Schwaben. 4 Landl.,516,0228.txt
517,7 December 1780,1780-01-07,ADLER,3,5 Hilzinger Musicanten. 2 Handw. 9 Landl. 13 Schwaben.,517,0228.txt
518,7 December 1780,1780-01-07,HIRSCHEN,4,Hr. Michael Kern von Bamberg s. 3. Music. Hr. Mich. Winckler v. Schlettingen. s. 3. Leonhard Fornaro von Langensee. 4 Schwaben. 4 Handw.,518,0228.txt
519,7 December 1780,1780-01-07,RAABEN,5,Mr. Christoff Casse di Bergamo s. 4. Hr. Anton Stahl von Nürnberg. Martj von Glarus. Franz Wenck von Lachen. 2 Leipziger Fuhrleuth. 9 Landl.,519,0228.txt
520,7 December 1780,1780-01-07,LEUEN,8,Hr. David Bachmann von Stettfort s. 2. Georg Disemann von Basel. 1 Handw. 2 Landl.,520,0228.txt
521,7 December 1780,1780-01-07,ROESSLI,7,Hs. Georg Knupp von Amrischweil. 3 Landl.,521,0228.txt
522,7 December 1780,1780-01-07,SCHWANEN,6,Hr. Caspar Rieber von Ebingen s. 3. Caspar Willj von Hizkirch. Joh. Fischlj von Diessenhoffen s. 3. Ein Landmann.,522,0228.txt
523,8 December 1780,1780-01-08,SCHWERDT,1,Hr. Pater Wandermer von Rheinau f. 3. Mathieu de Marseille. Bohne de Bienne. Graemer von Mellingen. Forschner von Liechtenstieg. Heisig Musicus aus Schlesien f. 2. Respinger. Hr. Roschet. Hr. Merian. Hr. Rocher sämtliche von Basel.,523,0230.txt
524,8 December 1780,1780-01-08,STORCHEN,2,Hr. Jacob Meyer von Baltenschweil. Jgfr. Dorothea Felberin von Trieboldingen. 8 Landl. 2 Handw.,524,0230.txt
525,8 December 1780,1780-01-08,ADLER,3,5 Hilzinger Musicanten. 3 Handw.,525,0230.txt
526,8 December 1780,1780-01-08,HIRSCHEN,4,Hr. Michael Kern von Bamberg f. 3. Music. Hr. Mich. Winckler v. Schlettingen. f. 3. Leonhard Fornaro von Langenkee.,526,0230.txt
527,8 December 1780,1780-01-08,RAABEN,5,Mr. Christoff Casse di Bergamo f. 4. Hr. Anton Stahl von Nürnberg. Zweifel. Hr. Bläsi von Glarus. Franz Wenck von Lachen.,527,0230.txt
528,8 December 1780,1780-01-08,LEUEN,8,Hr. Schäffer aus Böhmen.,528,0230.txt
529,8 December 1780,1780-01-08,ROESSLI,7,Hr. Berchtold aus Tyrol f. 2. Joh. Thomann aus dem Schwarz-wald.,529,0230.txt
530,8 December 1780,1780-01-08,SCHWANEN,6,Hr. Joh. Schmid von Hizkirch. Joh. Fitschj von Dieffenhoffen f. 3.,530,0230.txt
531,10 December 1780,1780-01-10,SCHWERDT,1,Hr. Sekelmeister Mayer. Hr. Rathsherr Roschach. beyde von Arbon. Schüle von Sultz am Neckar. Hügenin Aelter von Müllhausen f. 2. Busi von Rheinegg.,531,0232.txt
532,10 December 1780,1780-01-10,STORCHEN,2,2 Flaweiler & 2 Basler Fuhrleuth. 12 Landl.,532,0232.txt
533,10 December 1780,1780-01-10,ADLER,3,6 Hilzinger Musicanten. 6 Landl. 4 Handw.,533,0232.txt
534,10 December 1780,1780-01-10,HIRSCHEN,4,Hr. Michael Kern von Bamberg f. 3. Music. Hr. Mich. Winckler v. Schlettlingen. f. 3. Leonhard Fornaro von Langensee. Büschenftein von Stein f. 2. 2 Handw. 4 Landl.,534,0232.txt
535,10 December 1780,1780-01-10,RAABEN,5,Mr. Christoff Casse di Bergamo f. 4. Hr. Anton Stahl von Nürnberg. Schnell von Zoffingen f. 2. Landammann Bruj von Lachen. 3 Landl. 3 Handw.,535,0232.txt
536,10 December 1780,1780-01-10,LEUEN,8,Hr. Schäffer aus Böhmen. Ein Französischer Recroute. 3 Handw.,536,0232.txt
537,10 December 1780,1780-01-10,ROESSLI,7,Ein Flaweiler Fuhrmann. 2 Landl. SCHWANEN Hr. Joh. Schmid von Hizkirch. 10 Landl.,537,0232.txt
538,11 December 1780,1780-01-11,SCHWERDT,1,Hr. Sekelmeifter Mayer. Hr. Rathsherr Roschach. beyde von Arbon. Hugenin Aelter von Müllhausen f. 2. Mathieu de Marseille. Bohne de Bienne. Wartmann de Morges. STÖRCHEN. Hr. Joseph Kauffmann von Maynz.,538,0234.txt
539,11 December 1780,1780-01-11,ADLER,3,3 Handw.,539,0234.txt
540,11 December 1780,1780-01-11,HIRSCHEN,4,Hr. Michael Kern von Bamberg f. 3. Mufic. Hr. Mich. Winckler v. Schlettlingen. f. 3. Leonhard Fornaro von Langenfee. Büschenftein von Stein f. 2. Joachim Geyger von St. Gallen f. 2. 2 Handw. 7 Landl.,540,0234.txt
541,11 December 1780,1780-01-11,RAABEN,5,Mr. Chriftoff Cafte di Bergamo f. 4. Hr. Anton Stahl von Nürnberg. Caspar Grüniger von Lachen f. 2. Piere Robert de Neufchatel. Rudolf Fischer von Meifterschwand f. 3.,541,0234.txt
542,11 December 1780,1780-01-11,LEUEN,8,Hr. Schäffer aus Böhmen. 2 Landl. 1 Handw.,542,0234.txt
543,11 December 1780,1780-01-11,ROESSLI,7,Ein Strafsburger Fuhrmann. 2 Landl.,543,0234.txt
544,12 December 1780,1780-01-12,SCHWERDT,1,Hr. Oberift Baron v. Thurn in Spanifchen Dienften. Hauptm. Baron v. Thurn in Franzöfi. Dienften. Knoll. Hr Miller von Lenzburg. Bidermann de Geneve. Bouscarin de Montpellier. Bidermann von Winterthur. Hugenin Aelter von Müllhausen f. 2. Mathieu de Marseille. Bohne de Bienne. Wartmann de Morges. Ein Frankfuhrter Fuhrmann.,544,0236.txt
545,12 December 1780,1780-01-12,STORCHEN,2,Hr. Joffliner von Hochdorff f. 2. 3 Handw.,545,0236.txt
546,12 December 1780,1780-01-12,HIRSCHEN,4,Hr. Michael Kern von Bamberg f. 2. Mufic. Hr. Mich. Winckler v. Schlettlingen. f. 3. Leonhard Fornaro von Langenfee. Joachim Geyger von St. Gallen f. 2. Jacob Ruthishauser von Güttingen. 1 Handw. 4 Landl.,546,0236.txt
547,12 December 1780,1780-01-12,RAABEN,5,Mr. Chriftoff Caffe di Bergamo f. 4. Steigger von Lachen f. 2. Andreas Treiler von Strafsburg. Piere Robert de Neufchatel. Luchfinger von Glarus f. 2.,547,0236.txt
548,12 December 1780,1780-01-12,LEUEN,8,Hr. Schäffer aus Böhmen. Gebrüdere Beck von Augftahl. Samuel Mathis von Körikon f. 2. 2 Landl. 1 Handw.,548,0236.txt
549,12 December 1780,1780-01-12,ROESSLI,7,Ein Strafsburger Fuhrmann. 2 Landl.,549,0236.txt
550,13 December 1780,1780-01-13,SCHWERDT,1,Hr. Sekelmeister Singer,550,0238.txt
551,13 December 1780,1780-01-13,SCHWERDT,1,Hr. Schultheifs Ezweiler. Stadtschreiber Peter. Hr. Hauptmann Bühl. Conrad Schmid sämtliche von Stein. Hartmann von St. Gallen f. 2. Procurator Fehr von Frauenfeld. Richard. Hr. Stähelin von Basel. Knoll. von Lenzburg. Bidermann de Geneve. Bouscarin de Montpellier. Bidermann von Winterthur. Hügenin Aelter von Müllhausen f. 2. Mathieu de Marseille. Bohne de Bienne. Wartmann de Morges. STÖRCHEN. Hr. Jostliner von Hochdorff f. 2. Ein Hechinger Fuhrmann.,551,0238.txt
552,13 December 1780,1780-01-13,ADLER,3,Hr. Ulrich Metzger von Affeltrangen f. 3. Jgfr. Magdal. Keller von Baaden f. 2. 6 Landl. 2 Handw.,552,0238.txt
553,13 December 1780,1780-01-13,HIRSCHEN,4,Hr. Mich. Winckler v. Schleiflingen. f. 3. Jacob Ruthishauser von Gattingen.,553,0238.txt
554,13 December 1780,1780-01-13,RAABEN,5,Mr. Christoff Casse di Bergamo f. 4. Andreas Treiler von Strafsburg. Luchsinger von Glarus f. 2. Schnauer von Einsidlen. Ruthishauser von Bottikoffen.,554,0238.txt
555,13 December 1780,1780-01-13,LEUEN,8,Hr. David Gampert von Stettfort f. 2.,555,0238.txt
556,13 December 1780,1780-01-13,SCHWANEN,6,Hr. Felix Schmidhauser von Haubtweil. Ulrich Dietrich von Eichberg f. 2. Ein Landmann.,556,0238.txt
557,14 December 1780,1780-01-14,SCHWERDT,1,Hr. Sekelmeister Singer. Hr. Schultheifs Erzweiler. Stadtschreiber Peter. Hr. Hauptmann Bühl. Conrad Schmid sämtliche von Stein. Hartmann von St. Gallen f. 2. Procurator Fehr von Frauenfeld. Roschet von Basel. Hr. Piccard de Chalon. Schneider Cathol. Geistl. von Wartensee. Bidermann de Geneve. Bouscarin de Montpellier. Hügenin Aelter von Müllhausen f. 2. Mathieu de Marseille. Bohne de Bienne. Hr. Merk von Ravensburg. Petz von Frankfurt. Guillebert. Mr. Meuron de Neuchatel. Wartmann de Morges. 9 Recrouten vom Französ. Schweitzer Regiment. 2 Mann von Lucern. 4 Schwaben.,557,0240.txt
558,14 December 1780,1780-01-14,STORCHEN,2,Hr. Thomas Kellert von Genff. 43 Schwaben 4 Landl. 2 Handw.,558,0240.txt
559,14 December 1780,1780-01-14,ADLER,3,Fr. Spengelerin von Schaffhausen. 1 Handw. 11 Landl. 21 Schwaben.,559,0240.txt
560,14 December 1780,1780-01-14,RAABEN,5,Mr. Christoff Casse di Bergamo f. 4. Aebi. Hr. Becker von Glarus Schismann Diethelm von Lachen f. 6.,560,0240.txt
561,14 December 1780,1780-01-14,LEUEN,8,Hr. Jacob Berner von Lenzburg f. 2. Alexander Häberli von Flurlingen f. 2. 4 Landl.,561,0240.txt
562,14 December 1780,1780-01-14,ROESSLI,7,Mn. Morell de Savoye. 3 Landl. Anton Reichmann von Cappel. 3 Brisgäuer Tuchhändler. SCHWANEN Hr. Felix Schmidhauser von Haubtweil. Werner von Ebingen f. 3. 5 Landl.,562,0240.txt
563,15 December 1780,1780-01-15,SCHWERDT,1,Hr. Haubtmann Bühl. Conrad Schmid von Stein. Roschet. Hr. Merian von Basel. Piccard de Chalon. Hügenin Aelter von Müllhausen f. 2. Mathieu de Marseille. Guillebert. Mr. Meuron de Neuchatel. Rudolph von Zurzach.,563,0242.txt
564,15 December 1780,1780-01-15,STORCHEN,2,Hr. Thomas Kellart von Genff. Adam Ehrismann von Ruth. 4 Schwaben.,564,0242.txt
565,15 December 1780,1780-01-15,ADLER,3,Hr. Jennj von Glarus. Franz Miller von Kirchheim f. 2.,565,0242.txt
566,15 December 1780,1780-01-15,RAABEN,5,Mr. Christoff Caffe di Bergamo f. 4. Aeblj. Hr. Becker von Glarus Sulzer von Winterthur. Schnell von Stuttgardt. 4 Handw.,566,0242.txt
567,15 December 1780,1780-01-15,LEUEN,8,Hr. Jacob Berner von Lenzburg f. 2.,567,0242.txt
568,15 December 1780,1780-01-15,ROESSLI,7,Mr. Rivier. Mr. Demikelis de Turin. Hr. Berchtold aus Tyrol f. 2. SCHWANEN Hr. Werner von Ebingen f. 3. Däppeler von Tägerfelden f. 2.,568,0242.txt
569,17 December 1780,1780-01-17,SCHWERDT,1,Mr. Hanhardt de Geneve. Widal Confiseur de Grison. Mathieu de Marseille.,569,0244.txt
570,17 December 1780,1780-01-17,STORCHEN,2,Hr. Abraham Wehrly von Schaffhausen. 2 Basler. & 2 Flaweyler Fuhrleuth. 1 Handw. 3 Landl.,570,0244.txt
571,17 December 1780,1780-01-17,ADLER,3,3 Landl. 2 Handw.,571,0244.txt
572,17 December 1780,1780-01-17,RAABEN,5,Mr. Christoff Casse di Bergamo f. 4. Heitz Hr. Trümpy von Glarus Melchior Herner von Aelen. Joh. Steiger von Oberglatt. LEUEN Ein Französischer Recroüt. 2 Landl. 2 Handw. ROESSLI Hr. Reheiff aus Tyrol 1 Strassburger & 1 Lucerner Fuhrmann. SCHWANEN Hr. Wepfer von Dieffenhoffen.,572,0244.txt
573,18 December 1780,1780-01-18,SCHWERDT,1,Mr. Hanhardt de Geneve. Mourgain de Nancy.,573,0246.txt
574,18 December 1780,1780-01-18,STORCHEN,2,Hr. Abraham Wehrli von Schaffisheim. Fürsprech Widmer von Sarnenstorff f. 3.,574,0246.txt
575,18 December 1780,1780-01-18,ADLER,3,2 Handw.,575,0246.txt
576,18 December 1780,1780-01-18,HIRSCHEN,4,Hr. Doctor Vogel von Bamberg f. 8. Jean Venissillier de Savoye f. 3. Hr. Jacob Ruthishauser von Göttingen. Leonhard Fornaro von Langenlee. Hr. Mich. Winckler v. Schlettlingen. f. 3. Hr. Michael Kern von Bamberg f. 3. Music. 2 Landl. 2 Handw.,576,0246.txt
577,18 December 1780,1780-01-18,RAABEN,5,Mr. Christoff Cassi di Bergamo f. 4. Tianni Hr. Trümpi von Glarus f. 3. Nägeli von Raperschweil. Amann Peter von Dusslingen. Melchior Herner von Aelen. Joh. Steiger von Oberglatt.,577,0246.txt
578,18 December 1780,1780-01-18,LEUEN,8,Hr. Jacob Weltschi von Gränigen. Ein Französischer Recrout. 2 Landl. 2 Handw.,578,0246.txt
579,18 December 1780,1780-01-18,ROESSLI,7,Hr. Reheiff aus Tyrol. 12 Landl.,579,0246.txt
580,18 December 1780,1780-01-18,SCHWANEN,6,Hr. Wepfer von Diessenhoffen. f. 3. 4 Landl.,580,0246.txt
581,19 December 1780,1780-01-19,SCHWERDT,1,Mr. Hanhardt de Geneve. Haubtm. Pelletz in Preussischen Diensten. Duplessy de Strasburg. Mooser von Basel. Brutscher von Lucern. Elgas aus dem Allgau.,581,0248.txt
582,19 December 1780,1780-01-19,STORCHEN,2,Hr. Mettich von Strasburg.,582,0248.txt
583,19 December 1780,1780-01-19,ADLER,3,2 Landl.,583,0248.txt
584,19 December 1780,1780-01-19,RAABEN,5,Mr. Christoff Cassi di Bergamo f. 4. Tännj. Hr. Trümpi von Glarus f. 3. Melchior Herner von Aelen. Joh. Steiger von Oberglatt.,584,0248.txt
585,19 December 1780,1780-01-19,ROESSLI,7,Hr. Akermann von Hentschikon f. 2. SCHWANEN Hr. Wepfer von Dieffenhoffen. f. 4. 2 Landl.,585,0248.txt
586,20 December 1780,1780-01-20,SCHWERDT,1,Mr. Hanhardt de Geneve. Dupleffy de Strafsburg. Schalch von Schaffhausen.,586,0250.txt
587,20 December 1780,1780-01-20,STORCHEN,2,Blaſius Frey von Errendingen. 2 Salz Fuhrmann von Klingnau.,587,0250.txt
588,20 December 1780,1780-01-20,ADLER,3,Mr. Dubois de Lausanne. 4 Landl.,588,0250.txt
589,20 December 1780,1780-01-20,RAABEN,5,Mr. Chriſtoff Caſſi di Bergamo f. 4. Melchior Herner von Aelen. Joh. Steiger von Oberglatt. Anton Mächler von Lachen. Franz Herby aus dem Ellſaſſ. 2 Leipziger Fuhrleuth.,589,0250.txt
590,20 December 1780,1780-01-20,LEUEN,8,Hr. Keusch von Meriſchwanden f. 2. 2 Landl. 2 Handw.,590,0250.txt
591,20 December 1780,1780-01-20,ROESSLI,7,Ein Frankfuhrter Fuhrmann. SCHWANEN Hr. Wepfer von Dieffenhoffen. f. 3. Rietter von Winterthur. 2 Landl.,591,0250.txt
592,21 December 1780,1780-01-21,SCHWERDT,1,Nr. Gigot de Neufchatel. Mr. Roux de Geneve. Wild von Amsterdam. Krauß. Hr. Baur von Wienn. Fornaro von Rapperschweil.,592,0252.txt
593,21 December 1780,1780-01-21,STORCHEN,2,Hr. Jacob Weber von Schaffhausen. 30 Schwaben.,593,0252.txt
594,21 December 1780,1780-01-21,ADLER,3,16 Schwaben 5 Landl. 2 Handw.,594,0252.txt
595,21 December 1780,1780-01-21,HIRSCHEN,4,Hr. Michael Kern von Bamberg f. 3. Muße. Hr. Mich. Winckler v. Schlettlingen. f. 3. Hausheer von Chaam. Eberwein von Weittichen. Jgfr. Gutin von Baaden. 16 Schwaben. 4 Landl.,595,0252.txt
596,21 December 1780,1780-01-21,RAABEN,5,Mr. Christoff Cassi di Bergamo f. 4. Melchior Perner von Aelen. Joh. Steiger von Oberglatt. Diethelm von Lachen f. 4. Meyer von Lenzburg. Franz Herby aus dem Elſaſſ. Rudolph Zwikj von Glarus. 9 Landl. 3 Handw.,596,0252.txt
597,21 December 1780,1780-01-21,LEUEN,8,Hr. Hauweiler von Merischwanden f. 2. Firtz von Tägerfelden f. 2. Weissenbach aus Tyrol. 7 Landl. Madm. Bolquier von Ludwigsburg.,597,0252.txt
598,21 December 1780,1780-01-21,ROESSLI,7,Ein Frankfuhrter Fuhrmann. f. 2. Leontj Lieberheer von Utznach. 3 Landl. 3 Brisgäuer Tuchhändler.,598,0252.txt
599,21 December 1780,1780-01-21,SCHWANEN,6,Hr. Fischli von Diessenhoffen. f. 3. Däppeler von Tägerfelden f. 3. 3 Schwaben. 7 Landl.,599,0252.txt
600,26 December 1780,1780-01-26,SCHWERDT,1,Mr. Gigot. Mr. Barold de Neufchatel. Alchimio de Neaple. Steiner von Winterthur. Roux. Mr. Gutta de Geneve.,600,0258.txt
601,26 December 1780,1780-01-26,STORCHEN,2,3 Landl. 3 Handw.,601,0258.txt
602,26 December 1780,1780-01-26,ADLER,3,Mr. Dubois de Lausanne. 5 Handw. 6 Landl.,602,0258.txt
603,26 December 1780,1780-01-26,HIRSCHEN,4,Jr. Michael Kern von Bamberg f. 3. Muse. Hr. Mich. Winckler v. Schlettingen. f. 3. Leonhard Fornaro von Langensee. Math. Schoop aus dem Margraffen-land. Georg Geng von Betterkingen. 4 Handw. 6 Landl.,603,0258.txt
604,26 December 1780,1780-01-26,RAABEN,5,Mr. Christoff Cassi di Bergamo f. 4. Melchior Herner von Aelen. Joh. Steiger von Oberglatt. Trutmann von Schweiz. Sigmund Hauser von Speichingen. Wenck von Lachen f. 2. 5 Landl.,604,0258.txt
605,26 December 1780,1780-01-26,LEUEN,8,2 Landl. 5 Handw.,605,0258.txt
606,26 December 1780,1780-01-26,ROESSLI,7,8 Handw.,606,0258.txt
607,26 December 1780,1780-01-26,SCHWANEN,6,Ein Landmann.,607,0258.txt
608,27 December 1780,1780-01-27,SCHWERDT,1,Mr. Gigot. de Neufchatel. Alchimio de Neaple. Roux. Mr. Gutta de Geneve. Millard de Challon. Ryhener von Basel. Ein Capaunen-händler de Belfort.,608,0260.txt
609,27 December 1780,1780-01-27,STORCHEN,2,Hr. Jacob Marx von Basel. Jacob Eichenberger von Brugg. 2 Schwaben.,609,0260.txt
610,27 December 1780,1780-01-27,ADLER,3,3 Handw. 7 Landl.,610,0260.txt
611,27 December 1780,1780-01-27,RAABEN,5,Mr. Chriftoff Caffi di Bergamo f. 4. Melchior Herner von Aelen. Joh. Steiger von Oberglatt. Trutrmann von Schweiz. Wenck von Lachen f. 2. Carl Efsbich aus Sachsen. Ein Zurzacher Fuhrmann. 2 Landl. 3 Handw. LEUEN Hr. David Gampert von Stettfort f. 3. 4 Landl. 6 Handw.,611,0260.txt
612,27 December 1780,1780-01-27,ROESSLI,7,5 Handw. SCHWANEN Hr. Mathias Motz von Memmingen. 2 Landl.,612,0260.txt
613,28 December 1780,1780-01-28,SCHWERDT,1,Mr. Gigot de Neufchatel. Alchinio de Neaple. Roux Mr. Gutta de Geneve. Millard de Chalon. Ein Cayauner-händler de Belfort.,613,0262.txt
614,28 December 1780,1780-01-28,STORCHEN,2,3 Schwab. 2 Landm.,614,0262.txt
615,28 December 1780,1780-01-28,ADLER,3,Hr. Ulrich Dietrich von Eichberg f. 5. 3 Schwaben 11 Landl. 2 Handw.,615,0262.txt
616,28 December 1780,1780-01-28,RAABEN,5,Mr. Christoff Cassi di Bergamo f. 4. Melchior Herner von Aden. Joh. Steiger von Oberglatt. Truttmann von Schweiz. Wenck von Lachen f. 2. Martin Ehrhardt aus Sachsen f. 2. Joseph Frey von Errendingen. Osswald Weiss von Zug. 12 Landl. 3 Handw.,616,0262.txt
617,28 December 1780,1780-01-28,LEUEN,8,3 Landl. 6 Handw.,617,0262.txt
618,28 December 1780,1780-01-28,ROESSLI,7,2 Handw. 7 Landl. SCHWANEN Hr. Joh. Fischlj von Dieffenhoffen f. 2. 4 Landl.,618,0262.txt
